model,task,clf,metric,fold,score_cv,k
esmc_300M,fold_label,LogReg,f1_macro,0,0.7357,15
esmc_300M,fold_label,LogReg,f1_macro,1,0.8047,15
esmc_300M,fold_label,LogReg,f1_macro,2,0.5667,15
esmc_300M,fold_label,LogReg,f1_macro,3,0.5983,15
esmc_300M,fold_label,LogReg,f1_macro,4,0.7643,15
esmc_300M,fold_label,LogReg,f1_macro,5,0.6706,15
esmc_300M,fold_label,LogReg,f1_macro,6,0.5555,15
esmc_300M,fold_label,LogReg,f1_macro,7,0.5815,15
esmc_300M,fold_label,LogReg,f1_macro,8,0.6583,15
esmc_300M,fold_label,LogReg,f1_macro,9,0.74,15
esmc_300M,fold_label,LogReg,f1_macro,10,0.5583,15
esmc_300M,fold_label,LogReg,f1_macro,11,0.7198,15
esmc_300M,fold_label,LogReg,f1_macro,12,0.5191,15
esmc_300M,fold_label,LogReg,f1_macro,13,0.5111,15
esmc_300M,fold_label,LogReg,f1_macro,14,0.6511,15
esmc_300M,fold_label,RF,f1_macro,0,0.6637,15
esmc_300M,fold_label,RF,f1_macro,1,0.6179,15
esmc_300M,fold_label,RF,f1_macro,2,0.6147,15
esmc_300M,fold_label,RF,f1_macro,3,0.3878,15
esmc_300M,fold_label,RF,f1_macro,4,0.446,15
esmc_300M,fold_label,RF,f1_macro,5,0.6174,15
esmc_300M,fold_label,RF,f1_macro,6,0.472,15
esmc_300M,fold_label,RF,f1_macro,7,0.4602,15
esmc_300M,fold_label,RF,f1_macro,8,0.5596,15
esmc_300M,fold_label,RF,f1_macro,9,0.2962,15
esmc_300M,fold_label,RF,f1_macro,10,0.4129,15
esmc_300M,fold_label,RF,f1_macro,11,0.4044,15
esmc_300M,fold_label,RF,f1_macro,12,0.4946,15
esmc_300M,fold_label,RF,f1_macro,13,0.4113,15
esmc_300M,fold_label,RF,f1_macro,14,0.625,15
esmc_300M,fold_label,MLP,f1_macro,0,0.6875,15
esmc_300M,fold_label,MLP,f1_macro,1,0.7208,15
esmc_300M,fold_label,MLP,f1_macro,2,0.7997,15
esmc_300M,fold_label,MLP,f1_macro,3,0.6292,15
esmc_300M,fold_label,MLP,f1_macro,4,0.5944,15
esmc_300M,fold_label,MLP,f1_macro,5,0.5566,15
esmc_300M,fold_label,MLP,f1_macro,6,0.4607,15
esmc_300M,fold_label,MLP,f1_macro,7,0.4821,15
esmc_300M,fold_label,MLP,f1_macro,8,0.6284,15
esmc_300M,fold_label,MLP,f1_macro,9,0.4974,15
esmc_300M,fold_label,MLP,f1_macro,10,0.5038,15
esmc_300M,fold_label,MLP,f1_macro,11,0.6309,15
esmc_300M,fold_label,MLP,f1_macro,12,0.5501,15
esmc_300M,fold_label,MLP,f1_macro,13,0.4033,15
esmc_300M,fold_label,MLP,f1_macro,14,0.5917,15
esmc_300M,localization_class,LogReg,f1_macro,0,0.5419,15
esmc_300M,localization_class,LogReg,f1_macro,1,0.509,15
esmc_300M,localization_class,LogReg,f1_macro,2,0.4275,15
esmc_300M,localization_class,LogReg,f1_macro,3,0.4678,15
esmc_300M,localization_class,LogReg,f1_macro,4,0.5276,15
esmc_300M,localization_class,LogReg,f1_macro,5,0.506,15
esmc_300M,localization_class,LogReg,f1_macro,6,0.4567,15
esmc_300M,localization_class,LogReg,f1_macro,7,0.4698,15
esmc_300M,localization_class,LogReg,f1_macro,8,0.5183,15
esmc_300M,localization_class,LogReg,f1_macro,9,0.2913,15
esmc_300M,localization_class,LogReg,f1_macro,10,0.4133,15
esmc_300M,localization_class,LogReg,f1_macro,11,0.536,15
esmc_300M,localization_class,LogReg,f1_macro,12,0.452,15
esmc_300M,localization_class,LogReg,f1_macro,13,0.5867,15
esmc_300M,localization_class,LogReg,f1_macro,14,0.4276,15
esmc_300M,localization_class,RF,f1_macro,0,0.4215,15
esmc_300M,localization_class,RF,f1_macro,1,0.2827,15
esmc_300M,localization_class,RF,f1_macro,2,0.4312,15
esmc_300M,localization_class,RF,f1_macro,3,0.2752,15
esmc_300M,localization_class,RF,f1_macro,4,0.4634,15
esmc_300M,localization_class,RF,f1_macro,5,0.4294,15
esmc_300M,localization_class,RF,f1_macro,6,0.4371,15
esmc_300M,localization_class,RF,f1_macro,7,0.4629,15
esmc_300M,localization_class,RF,f1_macro,8,0.3726,15
esmc_300M,localization_class,RF,f1_macro,9,0.3581,15
esmc_300M,localization_class,RF,f1_macro,10,0.4214,15
esmc_300M,localization_class,RF,f1_macro,11,0.3427,15
esmc_300M,localization_class,RF,f1_macro,12,0.3607,15
esmc_300M,localization_class,RF,f1_macro,13,0.447,15
esmc_300M,localization_class,RF,f1_macro,14,0.3455,15
esmc_300M,localization_class,MLP,f1_macro,0,0.4247,15
esmc_300M,localization_class,MLP,f1_macro,1,0.4151,15
esmc_300M,localization_class,MLP,f1_macro,2,0.2937,15
esmc_300M,localization_class,MLP,f1_macro,3,0.4376,15
esmc_300M,localization_class,MLP,f1_macro,4,0.4985,15
esmc_300M,localization_class,MLP,f1_macro,5,0.4709,15
esmc_300M,localization_class,MLP,f1_macro,6,0.4756,15
esmc_300M,localization_class,MLP,f1_macro,7,0.6945,15
esmc_300M,localization_class,MLP,f1_macro,8,0.525,15
esmc_300M,localization_class,MLP,f1_macro,9,0.4002,15
esmc_300M,localization_class,MLP,f1_macro,10,0.3885,15
esmc_300M,localization_class,MLP,f1_macro,11,0.4472,15
esmc_300M,localization_class,MLP,f1_macro,12,0.5431,15
esmc_300M,localization_class,MLP,f1_macro,13,0.4363,15
esmc_300M,localization_class,MLP,f1_macro,14,0.2829,15
esmc_300M,species_label,LogReg,f1_macro,0,0.6611,15
esmc_300M,species_label,LogReg,f1_macro,1,0.8662,15
esmc_300M,species_label,LogReg,f1_macro,2,0.8082,15
esmc_300M,species_label,LogReg,f1_macro,3,0.9035,15
esmc_300M,species_label,LogReg,f1_macro,4,1.0,15
esmc_300M,species_label,LogReg,f1_macro,5,0.6827,15
esmc_300M,species_label,LogReg,f1_macro,6,0.9035,15
esmc_300M,species_label,LogReg,f1_macro,7,0.9524,15
esmc_300M,species_label,LogReg,f1_macro,8,0.9222,15
esmc_300M,species_label,LogReg,f1_macro,9,1.0,15
esmc_300M,species_label,LogReg,f1_macro,10,0.9187,15
esmc_300M,species_label,LogReg,f1_macro,11,0.6643,15
esmc_300M,species_label,LogReg,f1_macro,12,0.7272,15
esmc_300M,species_label,LogReg,f1_macro,13,0.8031,15
esmc_300M,species_label,LogReg,f1_macro,14,0.8534,15
esmc_300M,species_label,RF,f1_macro,0,0.3485,15
esmc_300M,species_label,RF,f1_macro,1,0.6865,15
esmc_300M,species_label,RF,f1_macro,2,0.9035,15
esmc_300M,species_label,RF,f1_macro,3,0.4268,15
esmc_300M,species_label,RF,f1_macro,4,0.9591,15
esmc_300M,species_label,RF,f1_macro,5,0.6972,15
esmc_300M,species_label,RF,f1_macro,6,1.0,15
esmc_300M,species_label,RF,f1_macro,7,0.8423,15
esmc_300M,species_label,RF,f1_macro,8,0.9222,15
esmc_300M,species_label,RF,f1_macro,9,0.6916,15
esmc_300M,species_label,RF,f1_macro,10,0.8147,15
esmc_300M,species_label,RF,f1_macro,11,0.6786,15
esmc_300M,species_label,RF,f1_macro,12,0.4018,15
esmc_300M,species_label,RF,f1_macro,13,0.6625,15
esmc_300M,species_label,RF,f1_macro,14,0.7976,15
esmc_300M,species_label,MLP,f1_macro,0,0.65,15
esmc_300M,species_label,MLP,f1_macro,1,0.8662,15
esmc_300M,species_label,MLP,f1_macro,2,0.7965,15
esmc_300M,species_label,MLP,f1_macro,3,0.8535,15
esmc_300M,species_label,MLP,f1_macro,4,1.0,15
esmc_300M,species_label,MLP,f1_macro,5,0.6827,15
esmc_300M,species_label,MLP,f1_macro,6,0.9591,15
esmc_300M,species_label,MLP,f1_macro,7,0.9524,15
esmc_300M,species_label,MLP,f1_macro,8,0.6605,15
esmc_300M,species_label,MLP,f1_macro,9,0.9524,15
esmc_300M,species_label,MLP,f1_macro,10,0.9187,15
esmc_300M,species_label,MLP,f1_macro,11,0.725,15
esmc_300M,species_label,MLP,f1_macro,12,0.7998,15
esmc_300M,species_label,MLP,f1_macro,13,0.8611,15
esmc_300M,species_label,MLP,f1_macro,14,0.8534,15
esmc_300M,tm_label,LogReg,mcc,0,0.131,15
esmc_300M,tm_label,LogReg,mcc,1,0.4568,15
esmc_300M,tm_label,LogReg,mcc,2,0.2699,15
esmc_300M,tm_label,LogReg,mcc,3,0.3483,15
esmc_300M,tm_label,LogReg,mcc,4,0.4568,15
esmc_300M,tm_label,LogReg,mcc,5,0.3483,15
esmc_300M,tm_label,LogReg,mcc,6,0.6167,15
esmc_300M,tm_label,LogReg,mcc,7,0.6436,15
esmc_300M,tm_label,LogReg,mcc,8,0.1298,15
esmc_300M,tm_label,LogReg,mcc,9,0.1298,15
esmc_300M,tm_label,LogReg,mcc,10,0.2687,15
esmc_300M,tm_label,LogReg,mcc,11,0.1633,15
esmc_300M,tm_label,LogReg,mcc,12,0.2687,15
esmc_300M,tm_label,LogReg,mcc,13,0.3474,15
esmc_300M,tm_label,LogReg,mcc,14,0.1034,15
esmc_300M,tm_label,RF,mcc,0,0.0,15
esmc_300M,tm_label,RF,mcc,1,0.0,15
esmc_300M,tm_label,RF,mcc,2,0.0,15
esmc_300M,tm_label,RF,mcc,3,0.0,15
esmc_300M,tm_label,RF,mcc,4,0.0,15
esmc_300M,tm_label,RF,mcc,5,0.0,15
esmc_300M,tm_label,RF,mcc,6,0.0,15
esmc_300M,tm_label,RF,mcc,7,0.0,15
esmc_300M,tm_label,RF,mcc,8,0.0,15
esmc_300M,tm_label,RF,mcc,9,0.0,15
esmc_300M,tm_label,RF,mcc,10,0.0,15
esmc_300M,tm_label,RF,mcc,11,0.0,15
esmc_300M,tm_label,RF,mcc,12,0.0,15
esmc_300M,tm_label,RF,mcc,13,0.0,15
esmc_300M,tm_label,RF,mcc,14,0.0,15
esmc_300M,tm_label,MLP,mcc,0,-0.0532,15
esmc_300M,tm_label,MLP,mcc,1,-0.0373,15
esmc_300M,tm_label,MLP,mcc,2,-0.0373,15
esmc_300M,tm_label,MLP,mcc,3,0.0,15
esmc_300M,tm_label,MLP,mcc,4,0.0,15
esmc_300M,tm_label,MLP,mcc,5,0.4325,15
esmc_300M,tm_label,MLP,mcc,6,0.4325,15
esmc_300M,tm_label,MLP,mcc,7,0.2818,15
esmc_300M,tm_label,MLP,mcc,8,0.0,15
esmc_300M,tm_label,MLP,mcc,9,0.0,15
esmc_300M,tm_label,MLP,mcc,10,0.1633,15
esmc_300M,tm_label,MLP,mcc,11,0.4323,15
esmc_300M,tm_label,MLP,mcc,12,-0.0379,15
esmc_300M,tm_label,MLP,mcc,13,-0.0379,15
esmc_300M,tm_label,MLP,mcc,14,-0.0379,15
esmc_300M,disorder_global,LogReg,mcc,0,0.2614,15
esmc_300M,disorder_global,LogReg,mcc,1,0.2311,15
esmc_300M,disorder_global,LogReg,mcc,2,0.2305,15
esmc_300M,disorder_global,LogReg,mcc,3,0.2311,15
esmc_300M,disorder_global,LogReg,mcc,4,0.2648,15
esmc_300M,disorder_global,LogReg,mcc,5,0.2029,15
esmc_300M,disorder_global,LogReg,mcc,6,0.3229,15
esmc_300M,disorder_global,LogReg,mcc,7,0.2919,15
esmc_300M,disorder_global,LogReg,mcc,8,0.3306,15
esmc_300M,disorder_global,LogReg,mcc,9,0.0767,15
esmc_300M,disorder_global,LogReg,mcc,10,0.1686,15
esmc_300M,disorder_global,LogReg,mcc,11,0.2029,15
esmc_300M,disorder_global,LogReg,mcc,12,0.2009,15
esmc_300M,disorder_global,LogReg,mcc,13,0.2215,15
esmc_300M,disorder_global,LogReg,mcc,14,0.2814,15
esmc_300M,disorder_global,RF,mcc,0,0.3542,15
esmc_300M,disorder_global,RF,mcc,1,0.2926,15
esmc_300M,disorder_global,RF,mcc,2,0.2968,15
esmc_300M,disorder_global,RF,mcc,3,0.2612,15
esmc_300M,disorder_global,RF,mcc,4,0.446,15
esmc_300M,disorder_global,RF,mcc,5,0.3561,15
esmc_300M,disorder_global,RF,mcc,6,0.294,15
esmc_300M,disorder_global,RF,mcc,7,0.1994,15
esmc_300M,disorder_global,RF,mcc,8,0.3601,15
esmc_300M,disorder_global,RF,mcc,9,-0.1158,15
esmc_300M,disorder_global,RF,mcc,10,0.3595,15
esmc_300M,disorder_global,RF,mcc,11,0.2725,15
esmc_300M,disorder_global,RF,mcc,12,0.173,15
esmc_300M,disorder_global,RF,mcc,13,0.2189,15
esmc_300M,disorder_global,RF,mcc,14,0.2814,15
esmc_300M,disorder_global,MLP,mcc,0,0.2926,15
esmc_300M,disorder_global,MLP,mcc,1,0.1158,15
esmc_300M,disorder_global,MLP,mcc,2,0.3144,15
esmc_300M,disorder_global,MLP,mcc,3,0.141,15
esmc_300M,disorder_global,MLP,mcc,4,0.2626,15
esmc_300M,disorder_global,MLP,mcc,5,0.3643,15
esmc_300M,disorder_global,MLP,mcc,6,0.3267,15
esmc_300M,disorder_global,MLP,mcc,7,0.2327,15
esmc_300M,disorder_global,MLP,mcc,8,0.2303,15
esmc_300M,disorder_global,MLP,mcc,9,0.1998,15
esmc_300M,disorder_global,MLP,mcc,10,0.1994,15
esmc_300M,disorder_global,MLP,mcc,11,0.3792,15
esmc_300M,disorder_global,MLP,mcc,12,0.1709,15
esmc_300M,disorder_global,MLP,mcc,13,0.2329,15
esmc_300M,disorder_global,MLP,mcc,14,0.0625,15
esmc_300M,acc_mean,LogReg,mcc,0,0.6616,15
esmc_300M,acc_mean,LogReg,mcc,1,0.7257,15
esmc_300M,acc_mean,LogReg,mcc,2,0.76,15
esmc_300M,acc_mean,LogReg,mcc,3,0.7257,15
esmc_300M,acc_mean,LogReg,mcc,4,0.6315,15
esmc_300M,acc_mean,LogReg,mcc,5,0.6004,15
esmc_300M,acc_mean,LogReg,mcc,6,0.6315,15
esmc_300M,acc_mean,LogReg,mcc,7,0.7555,15
esmc_300M,acc_mean,LogReg,mcc,8,0.6619,15
esmc_300M,acc_mean,LogReg,mcc,9,0.7235,15
esmc_300M,acc_mean,LogReg,mcc,10,0.5691,15
esmc_300M,acc_mean,LogReg,mcc,11,0.8464,15
esmc_300M,acc_mean,LogReg,mcc,12,0.6019,15
esmc_300M,acc_mean,LogReg,mcc,13,0.5964,15
esmc_300M,acc_mean,LogReg,mcc,14,0.6299,15
esmc_300M,acc_mean,RF,mcc,0,0.603,15
esmc_300M,acc_mean,RF,mcc,1,0.6307,15
esmc_300M,acc_mean,RF,mcc,2,0.7152,15
esmc_300M,acc_mean,RF,mcc,3,0.6922,15
esmc_300M,acc_mean,RF,mcc,4,0.5691,15
esmc_300M,acc_mean,RF,mcc,5,0.6981,15
esmc_300M,acc_mean,RF,mcc,6,0.5384,15
esmc_300M,acc_mean,RF,mcc,7,0.7876,15
esmc_300M,acc_mean,RF,mcc,8,0.5384,15
esmc_300M,acc_mean,RF,mcc,9,0.5698,15
esmc_300M,acc_mean,RF,mcc,10,0.4813,15
esmc_300M,acc_mean,RF,mcc,11,0.6062,15
esmc_300M,acc_mean,RF,mcc,12,0.4781,15
esmc_300M,acc_mean,RF,mcc,13,0.6187,15
esmc_300M,acc_mean,RF,mcc,14,0.6566,15
esmc_300M,acc_mean,MLP,mcc,0,0.6322,15
esmc_300M,acc_mean,MLP,mcc,1,0.6687,15
esmc_300M,acc_mean,MLP,mcc,2,0.6981,15
esmc_300M,acc_mean,MLP,mcc,3,0.7311,15
esmc_300M,acc_mean,MLP,mcc,4,0.6981,15
esmc_300M,acc_mean,MLP,mcc,5,0.7265,15
esmc_300M,acc_mean,MLP,mcc,6,0.6,15
esmc_300M,acc_mean,MLP,mcc,7,0.9117,15
esmc_300M,acc_mean,MLP,mcc,8,0.6933,15
esmc_300M,acc_mean,MLP,mcc,9,0.6315,15
esmc_300M,acc_mean,MLP,mcc,10,0.54,15
esmc_300M,acc_mean,MLP,mcc,11,0.7876,15
esmc_300M,acc_mean,MLP,mcc,12,0.5743,15
esmc_300M,acc_mean,MLP,mcc,13,0.7847,15
esmc_300M,acc_mean,MLP,mcc,14,0.6011,15
esmc_300M,aggregation_score,LogReg,mcc,0,0.6307,15
esmc_300M,aggregation_score,LogReg,mcc,1,0.446,15
esmc_300M,aggregation_score,LogReg,mcc,2,0.4773,15
esmc_300M,aggregation_score,LogReg,mcc,3,0.5076,15
esmc_300M,aggregation_score,LogReg,mcc,4,0.5388,15
esmc_300M,aggregation_score,LogReg,mcc,5,0.5388,15
esmc_300M,aggregation_score,LogReg,mcc,6,0.49,15
esmc_300M,aggregation_score,LogReg,mcc,7,0.3845,15
esmc_300M,aggregation_score,LogReg,mcc,8,0.4179,15
esmc_300M,aggregation_score,LogReg,mcc,9,0.5105,15
esmc_300M,aggregation_score,LogReg,mcc,10,0.4463,15
esmc_300M,aggregation_score,LogReg,mcc,11,0.6,15
esmc_300M,aggregation_score,LogReg,mcc,12,0.4554,15
esmc_300M,aggregation_score,LogReg,mcc,13,0.408,15
esmc_300M,aggregation_score,LogReg,mcc,14,0.6875,15
esmc_300M,aggregation_score,RF,mcc,0,0.5076,15
esmc_300M,aggregation_score,RF,mcc,1,0.3266,15
esmc_300M,aggregation_score,RF,mcc,2,0.5698,15
esmc_300M,aggregation_score,RF,mcc,3,0.4463,15
esmc_300M,aggregation_score,RF,mcc,4,0.5105,15
esmc_300M,aggregation_score,RF,mcc,5,0.4505,15
esmc_300M,aggregation_score,RF,mcc,6,0.4813,15
esmc_300M,aggregation_score,RF,mcc,7,0.1998,15
esmc_300M,aggregation_score,RF,mcc,8,0.4713,15
esmc_300M,aggregation_score,RF,mcc,9,0.2926,15
esmc_300M,aggregation_score,RF,mcc,10,0.4773,15
esmc_300M,aggregation_score,RF,mcc,11,0.49,15
esmc_300M,aggregation_score,RF,mcc,12,0.4179,15
esmc_300M,aggregation_score,RF,mcc,13,0.315,15
esmc_300M,aggregation_score,RF,mcc,14,0.469,15
esmc_300M,aggregation_score,MLP,mcc,0,0.5743,15
esmc_300M,aggregation_score,MLP,mcc,1,0.5698,15
esmc_300M,aggregation_score,MLP,mcc,2,0.5438,15
esmc_300M,aggregation_score,MLP,mcc,3,0.603,15
esmc_300M,aggregation_score,MLP,mcc,4,0.5691,15
esmc_300M,aggregation_score,MLP,mcc,5,0.509,15
esmc_300M,aggregation_score,MLP,mcc,6,0.5459,15
esmc_300M,aggregation_score,MLP,mcc,7,0.4463,15
esmc_300M,aggregation_score,MLP,mcc,8,0.3845,15
esmc_300M,aggregation_score,MLP,mcc,9,0.5691,15
esmc_300M,aggregation_score,MLP,mcc,10,0.4189,15
esmc_300M,aggregation_score,MLP,mcc,11,0.6648,15
esmc_300M,aggregation_score,MLP,mcc,12,0.4796,15
esmc_300M,aggregation_score,MLP,mcc,13,0.3125,15
esmc_300M,aggregation_score,MLP,mcc,14,0.6011,15
esmc_600M,fold_label,LogReg,f1_macro,0,0.671,15
esmc_600M,fold_label,LogReg,f1_macro,1,0.708,15
esmc_600M,fold_label,LogReg,f1_macro,2,0.6277,15
esmc_600M,fold_label,LogReg,f1_macro,3,0.6405,15
esmc_600M,fold_label,LogReg,f1_macro,4,0.5913,15
esmc_600M,fold_label,LogReg,f1_macro,5,0.5884,15
esmc_600M,fold_label,LogReg,f1_macro,6,0.6423,15
esmc_600M,fold_label,LogReg,f1_macro,7,0.5121,15
esmc_600M,fold_label,LogReg,f1_macro,8,0.5619,15
esmc_600M,fold_label,LogReg,f1_macro,9,0.6598,15
esmc_600M,fold_label,LogReg,f1_macro,10,0.6187,15
esmc_600M,fold_label,LogReg,f1_macro,11,0.6,15
esmc_600M,fold_label,LogReg,f1_macro,12,0.6385,15
esmc_600M,fold_label,LogReg,f1_macro,13,0.7056,15
esmc_600M,fold_label,LogReg,f1_macro,14,0.6259,15
esmc_600M,fold_label,RF,f1_macro,0,0.6833,15
esmc_600M,fold_label,RF,f1_macro,1,0.7202,15
esmc_600M,fold_label,RF,f1_macro,2,0.6866,15
esmc_600M,fold_label,RF,f1_macro,3,0.3861,15
esmc_600M,fold_label,RF,f1_macro,4,0.6688,15
esmc_600M,fold_label,RF,f1_macro,5,0.6017,15
esmc_600M,fold_label,RF,f1_macro,6,0.446,15
esmc_600M,fold_label,RF,f1_macro,7,0.4217,15
esmc_600M,fold_label,RF,f1_macro,8,0.4888,15
esmc_600M,fold_label,RF,f1_macro,9,0.4062,15
esmc_600M,fold_label,RF,f1_macro,10,0.425,15
esmc_600M,fold_label,RF,f1_macro,11,0.4249,15
esmc_600M,fold_label,RF,f1_macro,12,0.4129,15
esmc_600M,fold_label,RF,f1_macro,13,0.453,15
esmc_600M,fold_label,RF,f1_macro,14,0.4853,15
esmc_600M,fold_label,MLP,f1_macro,0,0.6997,15
esmc_600M,fold_label,MLP,f1_macro,1,0.6935,15
esmc_600M,fold_label,MLP,f1_macro,2,0.5879,15
esmc_600M,fold_label,MLP,f1_macro,3,0.5181,15
esmc_600M,fold_label,MLP,f1_macro,4,0.5496,15
esmc_600M,fold_label,MLP,f1_macro,5,0.5439,15
esmc_600M,fold_label,MLP,f1_macro,6,0.6267,15
esmc_600M,fold_label,MLP,f1_macro,7,0.4543,15
esmc_600M,fold_label,MLP,f1_macro,8,0.5357,15
esmc_600M,fold_label,MLP,f1_macro,9,0.4238,15
esmc_600M,fold_label,MLP,f1_macro,10,0.7099,15
esmc_600M,fold_label,MLP,f1_macro,11,0.5312,15
esmc_600M,fold_label,MLP,f1_macro,12,0.4822,15
esmc_600M,fold_label,MLP,f1_macro,13,0.4893,15
esmc_600M,fold_label,MLP,f1_macro,14,0.5625,15
esmc_600M,localization_class,LogReg,f1_macro,0,0.5643,15
esmc_600M,localization_class,LogReg,f1_macro,1,0.4744,15
esmc_600M,localization_class,LogReg,f1_macro,2,0.4483,15
esmc_600M,localization_class,LogReg,f1_macro,3,0.459,15
esmc_600M,localization_class,LogReg,f1_macro,4,0.546,15
esmc_600M,localization_class,LogReg,f1_macro,5,0.5006,15
esmc_600M,localization_class,LogReg,f1_macro,6,0.3787,15
esmc_600M,localization_class,LogReg,f1_macro,7,0.5213,15
esmc_600M,localization_class,LogReg,f1_macro,8,0.4831,15
esmc_600M,localization_class,LogReg,f1_macro,9,0.311,15
esmc_600M,localization_class,LogReg,f1_macro,10,0.4275,15
esmc_600M,localization_class,LogReg,f1_macro,11,0.568,15
esmc_600M,localization_class,LogReg,f1_macro,12,0.4638,15
esmc_600M,localization_class,LogReg,f1_macro,13,0.6174,15
esmc_600M,localization_class,LogReg,f1_macro,14,0.4158,15
esmc_600M,localization_class,RF,f1_macro,0,0.2879,15
esmc_600M,localization_class,RF,f1_macro,1,0.3771,15
esmc_600M,localization_class,RF,f1_macro,2,0.3688,15
esmc_600M,localization_class,RF,f1_macro,3,0.4044,15
esmc_600M,localization_class,RF,f1_macro,4,0.3787,15
esmc_600M,localization_class,RF,f1_macro,5,0.5212,15
esmc_600M,localization_class,RF,f1_macro,6,0.3816,15
esmc_600M,localization_class,RF,f1_macro,7,0.6199,15
esmc_600M,localization_class,RF,f1_macro,8,0.4751,15
esmc_600M,localization_class,RF,f1_macro,9,0.4021,15
esmc_600M,localization_class,RF,f1_macro,10,0.4385,15
esmc_600M,localization_class,RF,f1_macro,11,0.3934,15
esmc_600M,localization_class,RF,f1_macro,12,0.3406,15
esmc_600M,localization_class,RF,f1_macro,13,0.4694,15
esmc_600M,localization_class,RF,f1_macro,14,0.4356,15
esmc_600M,localization_class,MLP,f1_macro,0,0.619,15
esmc_600M,localization_class,MLP,f1_macro,1,0.4342,15
esmc_600M,localization_class,MLP,f1_macro,2,0.4291,15
esmc_600M,localization_class,MLP,f1_macro,3,0.3778,15
esmc_600M,localization_class,MLP,f1_macro,4,0.38,15
esmc_600M,localization_class,MLP,f1_macro,5,0.49,15
esmc_600M,localization_class,MLP,f1_macro,6,0.516,15
esmc_600M,localization_class,MLP,f1_macro,7,0.6036,15
esmc_600M,localization_class,MLP,f1_macro,8,0.6391,15
esmc_600M,localization_class,MLP,f1_macro,9,0.4645,15
esmc_600M,localization_class,MLP,f1_macro,10,0.5223,15
esmc_600M,localization_class,MLP,f1_macro,11,0.5772,15
esmc_600M,localization_class,MLP,f1_macro,12,0.4442,15
esmc_600M,localization_class,MLP,f1_macro,13,0.4625,15
esmc_600M,localization_class,MLP,f1_macro,14,0.4115,15
esmc_600M,species_label,LogReg,f1_macro,0,0.8444,15
esmc_600M,species_label,LogReg,f1_macro,1,0.8472,15
esmc_600M,species_label,LogReg,f1_macro,2,0.896,15
esmc_600M,species_label,LogReg,f1_macro,3,0.8272,15
esmc_600M,species_label,LogReg,f1_macro,4,0.9591,15
esmc_600M,species_label,LogReg,f1_macro,5,0.6667,15
esmc_600M,species_label,LogReg,f1_macro,6,0.7597,15
esmc_600M,species_label,LogReg,f1_macro,7,0.9143,15
esmc_600M,species_label,LogReg,f1_macro,8,0.9222,15
esmc_600M,species_label,LogReg,f1_macro,9,0.7381,15
esmc_600M,species_label,LogReg,f1_macro,10,0.8042,15
esmc_600M,species_label,LogReg,f1_macro,11,0.841,15
esmc_600M,species_label,LogReg,f1_macro,12,0.7865,15
esmc_600M,species_label,LogReg,f1_macro,13,0.6625,15
esmc_600M,species_label,LogReg,f1_macro,14,0.8434,15
esmc_600M,species_label,RF,f1_macro,0,0.6071,15
esmc_600M,species_label,RF,f1_macro,1,0.6878,15
esmc_600M,species_label,RF,f1_macro,2,0.9035,15
esmc_600M,species_label,RF,f1_macro,3,0.4268,15
esmc_600M,species_label,RF,f1_macro,4,0.9591,15
esmc_600M,species_label,RF,f1_macro,5,0.6518,15
esmc_600M,species_label,RF,f1_macro,6,1.0,15
esmc_600M,species_label,RF,f1_macro,7,0.9524,15
esmc_600M,species_label,RF,f1_macro,8,0.9222,15
esmc_600M,species_label,RF,f1_macro,9,0.6916,15
esmc_600M,species_label,RF,f1_macro,10,0.9511,15
esmc_600M,species_label,RF,f1_macro,11,0.6786,15
esmc_600M,species_label,RF,f1_macro,12,0.6786,15
esmc_600M,species_label,RF,f1_macro,13,0.7091,15
esmc_600M,species_label,RF,f1_macro,14,0.7595,15
esmc_600M,species_label,MLP,f1_macro,0,0.9222,15
esmc_600M,species_label,MLP,f1_macro,1,0.6878,15
esmc_600M,species_label,MLP,f1_macro,2,0.9353,15
esmc_600M,species_label,MLP,f1_macro,3,0.8272,15
esmc_600M,species_label,MLP,f1_macro,4,0.9591,15
esmc_600M,species_label,MLP,f1_macro,5,0.9222,15
esmc_600M,species_label,MLP,f1_macro,6,0.7235,15
esmc_600M,species_label,MLP,f1_macro,7,0.7105,15
esmc_600M,species_label,MLP,f1_macro,8,0.6263,15
esmc_600M,species_label,MLP,f1_macro,9,0.7381,15
esmc_600M,species_label,MLP,f1_macro,10,0.9187,15
esmc_600M,species_label,MLP,f1_macro,11,0.725,15
esmc_600M,species_label,MLP,f1_macro,12,0.856,15
esmc_600M,species_label,MLP,f1_macro,13,0.6272,15
esmc_600M,species_label,MLP,f1_macro,14,0.856,15
esmc_600M,tm_label,LogReg,mcc,0,0.2699,15
esmc_600M,tm_label,LogReg,mcc,1,0.4568,15
esmc_600M,tm_label,LogReg,mcc,2,0.0479,15
esmc_600M,tm_label,LogReg,mcc,3,0.3483,15
esmc_600M,tm_label,LogReg,mcc,4,0.5049,15
esmc_600M,tm_label,LogReg,mcc,5,0.2699,15
esmc_600M,tm_label,LogReg,mcc,6,0.131,15
esmc_600M,tm_label,LogReg,mcc,7,0.3048,15
esmc_600M,tm_label,LogReg,mcc,8,0.2093,15
esmc_600M,tm_label,LogReg,mcc,9,0.1298,15
esmc_600M,tm_label,LogReg,mcc,10,0.4045,15
esmc_600M,tm_label,LogReg,mcc,11,0.2687,15
esmc_600M,tm_label,LogReg,mcc,12,0.4045,15
esmc_600M,tm_label,LogReg,mcc,13,0.5649,15
esmc_600M,tm_label,LogReg,mcc,14,0.2394,15
esmc_600M,tm_label,RF,mcc,0,0.0,15
esmc_600M,tm_label,RF,mcc,1,0.0,15
esmc_600M,tm_label,RF,mcc,2,0.0,15
esmc_600M,tm_label,RF,mcc,3,0.0,15
esmc_600M,tm_label,RF,mcc,4,0.0,15
esmc_600M,tm_label,RF,mcc,5,0.0,15
esmc_600M,tm_label,RF,mcc,6,0.0,15
esmc_600M,tm_label,RF,mcc,7,0.0,15
esmc_600M,tm_label,RF,mcc,8,0.0,15
esmc_600M,tm_label,RF,mcc,9,0.0,15
esmc_600M,tm_label,RF,mcc,10,0.0,15
esmc_600M,tm_label,RF,mcc,11,0.0,15
esmc_600M,tm_label,RF,mcc,12,0.0,15
esmc_600M,tm_label,RF,mcc,13,0.0,15
esmc_600M,tm_label,RF,mcc,14,0.0,15
esmc_600M,tm_label,MLP,mcc,0,0.0,15
esmc_600M,tm_label,MLP,mcc,1,0.2818,15
esmc_600M,tm_label,MLP,mcc,2,0.0,15
esmc_600M,tm_label,MLP,mcc,3,0.0,15
esmc_600M,tm_label,MLP,mcc,4,0.2818,15
esmc_600M,tm_label,MLP,mcc,5,0.6167,15
esmc_600M,tm_label,MLP,mcc,6,0.0,15
esmc_600M,tm_label,MLP,mcc,7,0.0,15
esmc_600M,tm_label,MLP,mcc,8,-0.0379,15
esmc_600M,tm_label,MLP,mcc,9,0.2812,15
esmc_600M,tm_label,MLP,mcc,10,0.0,15
esmc_600M,tm_label,MLP,mcc,11,0.0,15
esmc_600M,tm_label,MLP,mcc,12,0.4323,15
esmc_600M,tm_label,MLP,mcc,13,0.4323,15
esmc_600M,tm_label,MLP,mcc,14,0.0,15
esmc_600M,disorder_global,LogReg,mcc,0,0.3536,15
esmc_600M,disorder_global,LogReg,mcc,1,0.2305,15
esmc_600M,disorder_global,LogReg,mcc,2,0.2009,15
esmc_600M,disorder_global,LogReg,mcc,3,0.1687,15
esmc_600M,disorder_global,LogReg,mcc,4,0.0442,15
esmc_600M,disorder_global,LogReg,mcc,5,0.3229,15
esmc_600M,disorder_global,LogReg,mcc,6,0.509,15
esmc_600M,disorder_global,LogReg,mcc,7,0.2352,15
esmc_600M,disorder_global,LogReg,mcc,8,0.3241,15
esmc_600M,disorder_global,LogReg,mcc,9,0.1695,15
esmc_600M,disorder_global,LogReg,mcc,10,0.2029,15
esmc_600M,disorder_global,LogReg,mcc,11,0.2614,15
esmc_600M,disorder_global,LogReg,mcc,12,0.2056,15
esmc_600M,disorder_global,LogReg,mcc,13,0.25,15
esmc_600M,disorder_global,LogReg,mcc,14,0.441,15
esmc_600M,disorder_global,RF,mcc,0,0.2311,15
esmc_600M,disorder_global,RF,mcc,1,0.0152,15
esmc_600M,disorder_global,RF,mcc,2,0.294,15
esmc_600M,disorder_global,RF,mcc,3,0.3536,15
esmc_600M,disorder_global,RF,mcc,4,0.3229,15
esmc_600M,disorder_global,RF,mcc,5,0.5076,15
esmc_600M,disorder_global,RF,mcc,6,0.3306,15
esmc_600M,disorder_global,RF,mcc,7,0.2327,15
esmc_600M,disorder_global,RF,mcc,8,0.3306,15
esmc_600M,disorder_global,RF,mcc,9,0.0448,15
esmc_600M,disorder_global,RF,mcc,10,0.2387,15
esmc_600M,disorder_global,RF,mcc,11,0.4505,15
esmc_600M,disorder_global,RF,mcc,12,0.3305,15
esmc_600M,disorder_global,RF,mcc,13,0.1563,15
esmc_600M,disorder_global,RF,mcc,14,0.4064,15
esmc_600M,disorder_global,MLP,mcc,0,0.1998,15
esmc_600M,disorder_global,MLP,mcc,1,0.2303,15
esmc_600M,disorder_global,MLP,mcc,2,0.446,15
esmc_600M,disorder_global,MLP,mcc,3,0.2612,15
esmc_600M,disorder_global,MLP,mcc,4,0.1994,15
esmc_600M,disorder_global,MLP,mcc,5,0.3266,15
esmc_600M,disorder_global,MLP,mcc,6,0.2924,15
esmc_600M,disorder_global,MLP,mcc,7,0.3015,15
esmc_600M,disorder_global,MLP,mcc,8,0.2638,15
esmc_600M,disorder_global,MLP,mcc,9,0.1382,15
esmc_600M,disorder_global,MLP,mcc,10,0.3071,15
esmc_600M,disorder_global,MLP,mcc,11,0.399,15
esmc_600M,disorder_global,MLP,mcc,12,0.2009,15
esmc_600M,disorder_global,MLP,mcc,13,0.0626,15
esmc_600M,disorder_global,MLP,mcc,14,0.3131,15
esmc_600M,acc_mean,LogReg,mcc,0,0.7555,15
esmc_600M,acc_mean,LogReg,mcc,1,0.6315,15
esmc_600M,acc_mean,LogReg,mcc,2,0.8153,15
esmc_600M,acc_mean,LogReg,mcc,3,0.6981,15
esmc_600M,acc_mean,LogReg,mcc,4,0.6307,15
esmc_600M,acc_mean,LogReg,mcc,5,0.7555,15
esmc_600M,acc_mean,LogReg,mcc,6,0.6315,15
esmc_600M,acc_mean,LogReg,mcc,7,0.6648,15
esmc_600M,acc_mean,LogReg,mcc,8,0.7232,15
esmc_600M,acc_mean,LogReg,mcc,9,0.6702,15
esmc_600M,acc_mean,LogReg,mcc,10,0.6763,15
esmc_600M,acc_mean,LogReg,mcc,11,0.7555,15
esmc_600M,acc_mean,LogReg,mcc,12,0.6322,15
esmc_600M,acc_mean,LogReg,mcc,13,0.5636,15
esmc_600M,acc_mean,LogReg,mcc,14,0.594,15
esmc_600M,acc_mean,RF,mcc,0,0.5528,15
esmc_600M,acc_mean,RF,mcc,1,0.5388,15
esmc_600M,acc_mean,RF,mcc,2,0.7555,15
esmc_600M,acc_mean,RF,mcc,3,0.7232,15
esmc_600M,acc_mean,RF,mcc,4,0.5413,15
esmc_600M,acc_mean,RF,mcc,5,0.6619,15
esmc_600M,acc_mean,RF,mcc,6,0.5698,15
esmc_600M,acc_mean,RF,mcc,7,0.6315,15
esmc_600M,acc_mean,RF,mcc,8,0.6616,15
esmc_600M,acc_mean,RF,mcc,9,0.5691,15
esmc_600M,acc_mean,RF,mcc,10,0.6019,15
esmc_600M,acc_mean,RF,mcc,11,0.5779,15
esmc_600M,acc_mean,RF,mcc,12,0.54,15
esmc_600M,acc_mean,RF,mcc,13,0.5964,15
esmc_600M,acc_mean,RF,mcc,14,0.7191,15
esmc_600M,acc_mean,MLP,mcc,0,0.5706,15
esmc_600M,acc_mean,MLP,mcc,1,0.7257,15
esmc_600M,acc_mean,MLP,mcc,2,0.7235,15
esmc_600M,acc_mean,MLP,mcc,3,0.7257,15
esmc_600M,acc_mean,MLP,mcc,4,0.509,15
esmc_600M,acc_mean,MLP,mcc,5,0.6648,15
esmc_600M,acc_mean,MLP,mcc,6,0.5151,15
esmc_600M,acc_mean,MLP,mcc,7,0.8495,15
esmc_600M,acc_mean,MLP,mcc,8,0.6,15
esmc_600M,acc_mean,MLP,mcc,9,0.603,15
esmc_600M,acc_mean,MLP,mcc,10,0.7257,15
esmc_600M,acc_mean,MLP,mcc,11,0.7591,15
esmc_600M,acc_mean,MLP,mcc,12,0.5413,15
esmc_600M,acc_mean,MLP,mcc,13,0.6888,15
esmc_600M,acc_mean,MLP,mcc,14,0.6644,15
esmc_600M,aggregation_score,LogReg,mcc,0,0.7235,15
esmc_600M,aggregation_score,LogReg,mcc,1,0.6307,15
esmc_600M,aggregation_score,LogReg,mcc,2,0.3561,15
esmc_600M,aggregation_score,LogReg,mcc,3,0.6019,15
esmc_600M,aggregation_score,LogReg,mcc,4,0.5388,15
esmc_600M,aggregation_score,LogReg,mcc,5,0.6322,15
esmc_600M,aggregation_score,LogReg,mcc,6,0.4773,15
esmc_600M,aggregation_score,LogReg,mcc,7,0.4474,15
esmc_600M,aggregation_score,LogReg,mcc,8,0.5388,15
esmc_600M,aggregation_score,LogReg,mcc,9,0.4157,15
esmc_600M,aggregation_score,LogReg,mcc,10,0.4474,15
esmc_600M,aggregation_score,LogReg,mcc,11,0.509,15
esmc_600M,aggregation_score,LogReg,mcc,12,0.4838,15
esmc_600M,aggregation_score,LogReg,mcc,13,0.4708,15
esmc_600M,aggregation_score,LogReg,mcc,14,0.4384,15
esmc_600M,aggregation_score,RF,mcc,0,0.603,15
esmc_600M,aggregation_score,RF,mcc,1,0.3242,15
esmc_600M,aggregation_score,RF,mcc,2,0.4484,15
esmc_600M,aggregation_score,RF,mcc,3,0.4941,15
esmc_600M,aggregation_score,RF,mcc,4,0.4162,15
esmc_600M,aggregation_score,RF,mcc,5,0.4773,15
esmc_600M,aggregation_score,RF,mcc,6,0.3863,15
esmc_600M,aggregation_score,RF,mcc,7,0.3229,15
esmc_600M,aggregation_score,RF,mcc,8,0.4505,15
esmc_600M,aggregation_score,RF,mcc,9,0.2944,15
esmc_600M,aggregation_score,RF,mcc,10,0.3242,15
esmc_600M,aggregation_score,RF,mcc,11,0.4838,15
esmc_600M,aggregation_score,RF,mcc,12,0.2926,15
esmc_600M,aggregation_score,RF,mcc,13,0.4518,15
esmc_600M,aggregation_score,RF,mcc,14,0.5,15
esmc_600M,aggregation_score,MLP,mcc,0,0.6702,15
esmc_600M,aggregation_score,MLP,mcc,1,0.49,15
esmc_600M,aggregation_score,MLP,mcc,2,0.5388,15
esmc_600M,aggregation_score,MLP,mcc,3,0.4581,15
esmc_600M,aggregation_score,MLP,mcc,4,0.4781,15
esmc_600M,aggregation_score,MLP,mcc,5,0.603,15
esmc_600M,aggregation_score,MLP,mcc,6,0.4157,15
esmc_600M,aggregation_score,MLP,mcc,7,0.2926,15
esmc_600M,aggregation_score,MLP,mcc,8,0.5727,15
esmc_600M,aggregation_score,MLP,mcc,9,0.3846,15
esmc_600M,aggregation_score,MLP,mcc,10,0.6307,15
esmc_600M,aggregation_score,MLP,mcc,11,0.5706,15
esmc_600M,aggregation_score,MLP,mcc,12,0.3886,15
esmc_600M,aggregation_score,MLP,mcc,13,0.3757,15
esmc_600M,aggregation_score,MLP,mcc,14,0.6566,15
ankh2_large,fold_label,LogReg,f1_macro,0,0.8312,15
ankh2_large,fold_label,LogReg,f1_macro,1,0.8916,15
ankh2_large,fold_label,LogReg,f1_macro,2,0.684,15
ankh2_large,fold_label,LogReg,f1_macro,3,0.8209,15
ankh2_large,fold_label,LogReg,f1_macro,4,0.7536,15
ankh2_large,fold_label,LogReg,f1_macro,5,0.6875,15
ankh2_large,fold_label,LogReg,f1_macro,6,0.6638,15
ankh2_large,fold_label,LogReg,f1_macro,7,0.7054,15
ankh2_large,fold_label,LogReg,f1_macro,8,0.77,15
ankh2_large,fold_label,LogReg,f1_macro,9,0.684,15
ankh2_large,fold_label,LogReg,f1_macro,10,0.5943,15
ankh2_large,fold_label,LogReg,f1_macro,11,0.7217,15
ankh2_large,fold_label,LogReg,f1_macro,12,0.7059,15
ankh2_large,fold_label,LogReg,f1_macro,13,0.616,15
ankh2_large,fold_label,LogReg,f1_macro,14,0.7577,15
ankh2_large,fold_label,RF,f1_macro,0,0.6383,15
ankh2_large,fold_label,RF,f1_macro,1,0.5441,15
ankh2_large,fold_label,RF,f1_macro,2,0.5426,15
ankh2_large,fold_label,RF,f1_macro,3,0.4119,15
ankh2_large,fold_label,RF,f1_macro,4,0.5537,15
ankh2_large,fold_label,RF,f1_macro,5,0.5032,15
ankh2_large,fold_label,RF,f1_macro,6,0.428,15
ankh2_large,fold_label,RF,f1_macro,7,0.5197,15
ankh2_large,fold_label,RF,f1_macro,8,0.4885,15
ankh2_large,fold_label,RF,f1_macro,9,0.4141,15
ankh2_large,fold_label,RF,f1_macro,10,0.5209,15
ankh2_large,fold_label,RF,f1_macro,11,0.5838,15
ankh2_large,fold_label,RF,f1_macro,12,0.5092,15
ankh2_large,fold_label,RF,f1_macro,13,0.4545,15
ankh2_large,fold_label,RF,f1_macro,14,0.3652,15
ankh2_large,fold_label,MLP,f1_macro,0,0.9042,15
ankh2_large,fold_label,MLP,f1_macro,1,0.7475,15
ankh2_large,fold_label,MLP,f1_macro,2,0.6881,15
ankh2_large,fold_label,MLP,f1_macro,3,0.7023,15
ankh2_large,fold_label,MLP,f1_macro,4,0.6267,15
ankh2_large,fold_label,MLP,f1_macro,5,0.7729,15
ankh2_large,fold_label,MLP,f1_macro,6,0.6428,15
ankh2_large,fold_label,MLP,f1_macro,7,0.6106,15
ankh2_large,fold_label,MLP,f1_macro,8,0.6246,15
ankh2_large,fold_label,MLP,f1_macro,9,0.729,15
ankh2_large,fold_label,MLP,f1_macro,10,0.6988,15
ankh2_large,fold_label,MLP,f1_macro,11,0.6432,15
ankh2_large,fold_label,MLP,f1_macro,12,0.7157,15
ankh2_large,fold_label,MLP,f1_macro,13,0.5959,15
ankh2_large,fold_label,MLP,f1_macro,14,0.6483,15
ankh2_large,localization_class,LogReg,f1_macro,0,0.477,15
ankh2_large,localization_class,LogReg,f1_macro,1,0.4958,15
ankh2_large,localization_class,LogReg,f1_macro,2,0.5451,15
ankh2_large,localization_class,LogReg,f1_macro,3,0.5271,15
ankh2_large,localization_class,LogReg,f1_macro,4,0.3422,15
ankh2_large,localization_class,LogReg,f1_macro,5,0.6358,15
ankh2_large,localization_class,LogReg,f1_macro,6,0.4558,15
ankh2_large,localization_class,LogReg,f1_macro,7,0.6221,15
ankh2_large,localization_class,LogReg,f1_macro,8,0.5276,15
ankh2_large,localization_class,LogReg,f1_macro,9,0.3646,15
ankh2_large,localization_class,LogReg,f1_macro,10,0.5997,15
ankh2_large,localization_class,LogReg,f1_macro,11,0.5219,15
ankh2_large,localization_class,LogReg,f1_macro,12,0.5221,15
ankh2_large,localization_class,LogReg,f1_macro,13,0.5204,15
ankh2_large,localization_class,LogReg,f1_macro,14,0.6248,15
ankh2_large,localization_class,RF,f1_macro,0,0.3589,15
ankh2_large,localization_class,RF,f1_macro,1,0.2889,15
ankh2_large,localization_class,RF,f1_macro,2,0.3137,15
ankh2_large,localization_class,RF,f1_macro,3,0.3397,15
ankh2_large,localization_class,RF,f1_macro,4,0.1067,15
ankh2_large,localization_class,RF,f1_macro,5,0.3789,15
ankh2_large,localization_class,RF,f1_macro,6,0.3189,15
ankh2_large,localization_class,RF,f1_macro,7,0.4334,15
ankh2_large,localization_class,RF,f1_macro,8,0.4202,15
ankh2_large,localization_class,RF,f1_macro,9,0.3189,15
ankh2_large,localization_class,RF,f1_macro,10,0.3903,15
ankh2_large,localization_class,RF,f1_macro,11,0.1841,15
ankh2_large,localization_class,RF,f1_macro,12,0.3828,15
ankh2_large,localization_class,RF,f1_macro,13,0.1848,15
ankh2_large,localization_class,RF,f1_macro,14,0.2073,15
ankh2_large,localization_class,MLP,f1_macro,0,0.4461,15
ankh2_large,localization_class,MLP,f1_macro,1,0.3622,15
ankh2_large,localization_class,MLP,f1_macro,2,0.4693,15
ankh2_large,localization_class,MLP,f1_macro,3,0.3562,15
ankh2_large,localization_class,MLP,f1_macro,4,0.346,15
ankh2_large,localization_class,MLP,f1_macro,5,0.6435,15
ankh2_large,localization_class,MLP,f1_macro,6,0.4749,15
ankh2_large,localization_class,MLP,f1_macro,7,0.6833,15
ankh2_large,localization_class,MLP,f1_macro,8,0.47,15
ankh2_large,localization_class,MLP,f1_macro,9,0.4457,15
ankh2_large,localization_class,MLP,f1_macro,10,0.5862,15
ankh2_large,localization_class,MLP,f1_macro,11,0.3441,15
ankh2_large,localization_class,MLP,f1_macro,12,0.5737,15
ankh2_large,localization_class,MLP,f1_macro,13,0.5055,15
ankh2_large,localization_class,MLP,f1_macro,14,0.5328,15
ankh2_large,species_label,LogReg,f1_macro,0,0.6045,15
ankh2_large,species_label,LogReg,f1_macro,1,0.8472,15
ankh2_large,species_label,LogReg,f1_macro,2,0.8639,15
ankh2_large,species_label,LogReg,f1_macro,3,0.5972,15
ankh2_large,species_label,LogReg,f1_macro,4,0.902,15
ankh2_large,species_label,LogReg,f1_macro,5,0.7924,15
ankh2_large,species_label,LogReg,f1_macro,6,0.8225,15
ankh2_large,species_label,LogReg,f1_macro,7,0.7868,15
ankh2_large,species_label,LogReg,f1_macro,8,1.0,15
ankh2_large,species_label,LogReg,f1_macro,9,0.5269,15
ankh2_large,species_label,LogReg,f1_macro,10,0.85,15
ankh2_large,species_label,LogReg,f1_macro,11,0.856,15
ankh2_large,species_label,LogReg,f1_macro,12,0.7865,15
ankh2_large,species_label,LogReg,f1_macro,13,0.4722,15
ankh2_large,species_label,LogReg,f1_macro,14,0.881,15
ankh2_large,species_label,RF,f1_macro,0,0.2381,15
ankh2_large,species_label,RF,f1_macro,1,0.2589,15
ankh2_large,species_label,RF,f1_macro,2,0.3832,15
ankh2_large,species_label,RF,f1_macro,3,0.2589,15
ankh2_large,species_label,RF,f1_macro,4,0.5587,15
ankh2_large,species_label,RF,f1_macro,5,0.3304,15
ankh2_large,species_label,RF,f1_macro,6,0.3939,15
ankh2_large,species_label,RF,f1_macro,7,0.625,15
ankh2_large,species_label,RF,f1_macro,8,0.625,15
ankh2_large,species_label,RF,f1_macro,9,0.2798,15
ankh2_large,species_label,RF,f1_macro,10,0.3168,15
ankh2_large,species_label,RF,f1_macro,11,0.18,15
ankh2_large,species_label,RF,f1_macro,12,0.3623,15
ankh2_large,species_label,RF,f1_macro,13,0.279,15
ankh2_large,species_label,RF,f1_macro,14,0.1875,15
ankh2_large,species_label,MLP,f1_macro,0,0.5667,15
ankh2_large,species_label,MLP,f1_macro,1,0.6806,15
ankh2_large,species_label,MLP,f1_macro,2,0.8639,15
ankh2_large,species_label,MLP,f1_macro,3,0.4216,15
ankh2_large,species_label,MLP,f1_macro,4,0.7556,15
ankh2_large,species_label,MLP,f1_macro,5,0.6139,15
ankh2_large,species_label,MLP,f1_macro,6,0.7278,15
ankh2_large,species_label,MLP,f1_macro,7,0.6856,15
ankh2_large,species_label,MLP,f1_macro,8,0.6341,15
ankh2_large,species_label,MLP,f1_macro,9,0.5269,15
ankh2_large,species_label,MLP,f1_macro,10,0.6429,15
ankh2_large,species_label,MLP,f1_macro,11,0.55,15
ankh2_large,species_label,MLP,f1_macro,12,0.4472,15
ankh2_large,species_label,MLP,f1_macro,13,0.5944,15
ankh2_large,species_label,MLP,f1_macro,14,0.276,15
ankh2_large,tm_label,LogReg,mcc,0,0.4858,15
ankh2_large,tm_label,LogReg,mcc,1,0.3483,15
ankh2_large,tm_label,LogReg,mcc,2,0.2101,15
ankh2_large,tm_label,LogReg,mcc,3,0.4858,15
ankh2_large,tm_label,LogReg,mcc,4,0.4858,15
ankh2_large,tm_label,LogReg,mcc,5,0.7049,15
ankh2_large,tm_label,LogReg,mcc,6,-0.0532,15
ankh2_large,tm_label,LogReg,mcc,7,0.4171,15
ankh2_large,tm_label,LogReg,mcc,8,0.4323,15
ankh2_large,tm_label,LogReg,mcc,9,0.5649,15
ankh2_large,tm_label,LogReg,mcc,10,0.4853,15
ankh2_large,tm_label,LogReg,mcc,11,0.3038,15
ankh2_large,tm_label,LogReg,mcc,12,0.6456,15
ankh2_large,tm_label,LogReg,mcc,13,0.5041,15
ankh2_large,tm_label,LogReg,mcc,14,0.2093,15
ankh2_large,tm_label,RF,mcc,0,0.0,15
ankh2_large,tm_label,RF,mcc,1,0.0,15
ankh2_large,tm_label,RF,mcc,2,0.0,15
ankh2_large,tm_label,RF,mcc,3,0.0,15
ankh2_large,tm_label,RF,mcc,4,0.0,15
ankh2_large,tm_label,RF,mcc,5,0.0,15
ankh2_large,tm_label,RF,mcc,6,0.0,15
ankh2_large,tm_label,RF,mcc,7,0.0,15
ankh2_large,tm_label,RF,mcc,8,0.0,15
ankh2_large,tm_label,RF,mcc,9,0.0,15
ankh2_large,tm_label,RF,mcc,10,0.0,15
ankh2_large,tm_label,RF,mcc,11,0.0,15
ankh2_large,tm_label,RF,mcc,12,0.0,15
ankh2_large,tm_label,RF,mcc,13,0.0,15
ankh2_large,tm_label,RF,mcc,14,0.0,15
ankh2_large,tm_label,MLP,mcc,0,0.0,15
ankh2_large,tm_label,MLP,mcc,1,0.0,15
ankh2_large,tm_label,MLP,mcc,2,0.0,15
ankh2_large,tm_label,MLP,mcc,3,-0.0373,15
ankh2_large,tm_label,MLP,mcc,4,0.0,15
ankh2_large,tm_label,MLP,mcc,5,0.0,15
ankh2_large,tm_label,MLP,mcc,6,0.0,15
ankh2_large,tm_label,MLP,mcc,7,0.0,15
ankh2_large,tm_label,MLP,mcc,8,0.0,15
ankh2_large,tm_label,MLP,mcc,9,0.0,15
ankh2_large,tm_label,MLP,mcc,10,0.0,15
ankh2_large,tm_label,MLP,mcc,11,0.0,15
ankh2_large,tm_label,MLP,mcc,12,0.0,15
ankh2_large,tm_label,MLP,mcc,13,0.0,15
ankh2_large,tm_label,MLP,mcc,14,0.0,15
ankh2_large,disorder_global,LogReg,mcc,0,0.4474,15
ankh2_large,disorder_global,LogReg,mcc,1,0.2311,15
ankh2_large,disorder_global,LogReg,mcc,2,0.2303,15
ankh2_large,disorder_global,LogReg,mcc,3,0.1383,15
ankh2_large,disorder_global,LogReg,mcc,4,0.268,15
ankh2_large,disorder_global,LogReg,mcc,5,0.2626,15
ankh2_large,disorder_global,LogReg,mcc,6,0.3242,15
ankh2_large,disorder_global,LogReg,mcc,7,0.3536,15
ankh2_large,disorder_global,LogReg,mcc,8,0.2711,15
ankh2_large,disorder_global,LogReg,mcc,9,0.2973,15
ankh2_large,disorder_global,LogReg,mcc,10,0.446,15
ankh2_large,disorder_global,LogReg,mcc,11,0.1687,15
ankh2_large,disorder_global,LogReg,mcc,12,0.3305,15
ankh2_large,disorder_global,LogReg,mcc,13,0.3453,15
ankh2_large,disorder_global,LogReg,mcc,14,0.408,15
ankh2_large,disorder_global,RF,mcc,0,0.4796,15
ankh2_large,disorder_global,RF,mcc,1,0.2614,15
ankh2_large,disorder_global,RF,mcc,2,0.2926,15
ankh2_large,disorder_global,RF,mcc,3,0.2626,15
ankh2_large,disorder_global,RF,mcc,4,0.2009,15
ankh2_large,disorder_global,RF,mcc,5,0.3229,15
ankh2_large,disorder_global,RF,mcc,6,0.446,15
ankh2_large,disorder_global,RF,mcc,7,0.5105,15
ankh2_large,disorder_global,RF,mcc,8,0.294,15
ankh2_large,disorder_global,RF,mcc,9,0.2303,15
ankh2_large,disorder_global,RF,mcc,10,0.2648,15
ankh2_large,disorder_global,RF,mcc,11,0.4179,15
ankh2_large,disorder_global,RF,mcc,12,0.2614,15
ankh2_large,disorder_global,RF,mcc,13,0.252,15
ankh2_large,disorder_global,RF,mcc,14,0.2197,15
ankh2_large,disorder_global,MLP,mcc,0,0.4781,15
ankh2_large,disorder_global,MLP,mcc,1,0.2638,15
ankh2_large,disorder_global,MLP,mcc,2,0.3542,15
ankh2_large,disorder_global,MLP,mcc,3,0.2387,15
ankh2_large,disorder_global,MLP,mcc,4,0.2725,15
ankh2_large,disorder_global,MLP,mcc,5,0.5388,15
ankh2_large,disorder_global,MLP,mcc,6,0.2614,15
ankh2_large,disorder_global,MLP,mcc,7,0.3561,15
ankh2_large,disorder_global,MLP,mcc,8,0.2352,15
ankh2_large,disorder_global,MLP,mcc,9,0.2029,15
ankh2_large,disorder_global,MLP,mcc,10,0.2092,15
ankh2_large,disorder_global,MLP,mcc,11,0.4463,15
ankh2_large,disorder_global,MLP,mcc,12,0.0161,15
ankh2_large,disorder_global,MLP,mcc,13,0.2242,15
ankh2_large,disorder_global,MLP,mcc,14,0.3131,15
ankh2_large,acc_mean,LogReg,mcc,0,0.785,15
ankh2_large,acc_mean,LogReg,mcc,1,0.6,15
ankh2_large,acc_mean,LogReg,mcc,2,0.7882,15
ankh2_large,acc_mean,LogReg,mcc,3,0.7232,15
ankh2_large,acc_mean,LogReg,mcc,4,0.6348,15
ankh2_large,acc_mean,LogReg,mcc,5,0.6687,15
ankh2_large,acc_mean,LogReg,mcc,6,0.6638,15
ankh2_large,acc_mean,LogReg,mcc,7,0.7265,15
ankh2_large,acc_mean,LogReg,mcc,8,0.7591,15
ankh2_large,acc_mean,LogReg,mcc,9,0.7235,15
ankh2_large,acc_mean,LogReg,mcc,10,0.5698,15
ankh2_large,acc_mean,LogReg,mcc,11,0.6933,15
ankh2_large,acc_mean,LogReg,mcc,12,0.5706,15
ankh2_large,acc_mean,LogReg,mcc,13,0.6262,15
ankh2_large,acc_mean,LogReg,mcc,14,0.7559,15
ankh2_large,acc_mean,RF,mcc,0,0.6981,15
ankh2_large,acc_mean,RF,mcc,1,0.603,15
ankh2_large,acc_mean,RF,mcc,2,0.7945,15
ankh2_large,acc_mean,RF,mcc,3,0.7555,15
ankh2_large,acc_mean,RF,mcc,4,0.6322,15
ankh2_large,acc_mean,RF,mcc,5,0.8153,15
ankh2_large,acc_mean,RF,mcc,6,0.6933,15
ankh2_large,acc_mean,RF,mcc,7,0.8171,15
ankh2_large,acc_mean,RF,mcc,8,0.697,15
ankh2_large,acc_mean,RF,mcc,9,0.8153,15
ankh2_large,acc_mean,RF,mcc,10,0.6616,15
ankh2_large,acc_mean,RF,mcc,11,0.6638,15
ankh2_large,acc_mean,RF,mcc,12,0.6004,15
ankh2_large,acc_mean,RF,mcc,13,0.6363,15
ankh2_large,acc_mean,RF,mcc,14,0.7559,15
ankh2_large,acc_mean,MLP,mcc,0,0.7555,15
ankh2_large,acc_mean,MLP,mcc,1,0.6307,15
ankh2_large,acc_mean,MLP,mcc,2,0.7287,15
ankh2_large,acc_mean,MLP,mcc,3,0.9081,15
ankh2_large,acc_mean,MLP,mcc,4,0.6922,15
ankh2_large,acc_mean,MLP,mcc,5,0.8167,15
ankh2_large,acc_mean,MLP,mcc,6,0.6933,15
ankh2_large,acc_mean,MLP,mcc,7,0.8171,15
ankh2_large,acc_mean,MLP,mcc,8,0.7257,15
ankh2_large,acc_mean,MLP,mcc,9,0.755,15
ankh2_large,acc_mean,MLP,mcc,10,0.5151,15
ankh2_large,acc_mean,MLP,mcc,11,0.7311,15
ankh2_large,acc_mean,MLP,mcc,12,0.6922,15
ankh2_large,acc_mean,MLP,mcc,13,0.6299,15
ankh2_large,acc_mean,MLP,mcc,14,0.75,15
ankh2_large,aggregation_score,LogReg,mcc,0,0.6362,15
ankh2_large,aggregation_score,LogReg,mcc,1,0.4773,15
ankh2_large,aggregation_score,LogReg,mcc,2,0.4157,15
ankh2_large,aggregation_score,LogReg,mcc,3,0.4768,15
ankh2_large,aggregation_score,LogReg,mcc,4,0.509,15
ankh2_large,aggregation_score,LogReg,mcc,5,0.6348,15
ankh2_large,aggregation_score,LogReg,mcc,6,0.5081,15
ankh2_large,aggregation_score,LogReg,mcc,7,0.2944,15
ankh2_large,aggregation_score,LogReg,mcc,8,0.4796,15
ankh2_large,aggregation_score,LogReg,mcc,9,0.4157,15
ankh2_large,aggregation_score,LogReg,mcc,10,0.6,15
ankh2_large,aggregation_score,LogReg,mcc,11,0.3561,15
ankh2_large,aggregation_score,LogReg,mcc,12,0.5743,15
ankh2_large,aggregation_score,LogReg,mcc,13,0.4708,15
ankh2_large,aggregation_score,LogReg,mcc,14,0.5669,15
ankh2_large,aggregation_score,RF,mcc,0,0.5691,15
ankh2_large,aggregation_score,RF,mcc,1,0.3542,15
ankh2_large,aggregation_score,RF,mcc,2,0.2668,15
ankh2_large,aggregation_score,RF,mcc,3,0.4813,15
ankh2_large,aggregation_score,RF,mcc,4,0.294,15
ankh2_large,aggregation_score,RF,mcc,5,0.4474,15
ankh2_large,aggregation_score,RF,mcc,6,0.5076,15
ankh2_large,aggregation_score,RF,mcc,7,0.3229,15
ankh2_large,aggregation_score,RF,mcc,8,0.4271,15
ankh2_large,aggregation_score,RF,mcc,9,0.2926,15
ankh2_large,aggregation_score,RF,mcc,10,0.4505,15
ankh2_large,aggregation_score,RF,mcc,11,0.268,15
ankh2_large,aggregation_score,RF,mcc,12,0.4474,15
ankh2_large,aggregation_score,RF,mcc,13,0.441,15
ankh2_large,aggregation_score,RF,mcc,14,0.469,15
ankh2_large,aggregation_score,MLP,mcc,0,0.5727,15
ankh2_large,aggregation_score,MLP,mcc,1,0.4157,15
ankh2_large,aggregation_score,MLP,mcc,2,0.54,15
ankh2_large,aggregation_score,MLP,mcc,3,0.5384,15
ankh2_large,aggregation_score,MLP,mcc,4,0.4189,15
ankh2_large,aggregation_score,MLP,mcc,5,0.6348,15
ankh2_large,aggregation_score,MLP,mcc,6,0.3242,15
ankh2_large,aggregation_score,MLP,mcc,7,0.5388,15
ankh2_large,aggregation_score,MLP,mcc,8,0.3595,15
ankh2_large,aggregation_score,MLP,mcc,9,0.2648,15
ankh2_large,aggregation_score,MLP,mcc,10,0.6307,15
ankh2_large,aggregation_score,MLP,mcc,11,0.3643,15
ankh2_large,aggregation_score,MLP,mcc,12,0.4216,15
ankh2_large,aggregation_score,MLP,mcc,13,0.5315,15
ankh2_large,aggregation_score,MLP,mcc,14,0.469,15
esm2_t33_650M_UR50D,fold_label,LogReg,f1_macro,0,0.6837,15
esm2_t33_650M_UR50D,fold_label,LogReg,f1_macro,1,0.7371,15
esm2_t33_650M_UR50D,fold_label,LogReg,f1_macro,2,0.7636,15
esm2_t33_650M_UR50D,fold_label,LogReg,f1_macro,3,0.7764,15
esm2_t33_650M_UR50D,fold_label,LogReg,f1_macro,4,0.7997,15
esm2_t33_650M_UR50D,fold_label,LogReg,f1_macro,5,0.7565,15
esm2_t33_650M_UR50D,fold_label,LogReg,f1_macro,6,0.8503,15
esm2_t33_650M_UR50D,fold_label,LogReg,f1_macro,7,0.5062,15
esm2_t33_650M_UR50D,fold_label,LogReg,f1_macro,8,0.7593,15
esm2_t33_650M_UR50D,fold_label,LogReg,f1_macro,9,0.8435,15
esm2_t33_650M_UR50D,fold_label,LogReg,f1_macro,10,0.635,15
esm2_t33_650M_UR50D,fold_label,LogReg,f1_macro,11,0.7413,15
esm2_t33_650M_UR50D,fold_label,LogReg,f1_macro,12,0.7278,15
esm2_t33_650M_UR50D,fold_label,LogReg,f1_macro,13,0.8185,15
esm2_t33_650M_UR50D,fold_label,LogReg,f1_macro,14,0.5062,15
esm2_t33_650M_UR50D,fold_label,RF,f1_macro,0,0.694,15
esm2_t33_650M_UR50D,fold_label,RF,f1_macro,1,0.5372,15
esm2_t33_650M_UR50D,fold_label,RF,f1_macro,2,0.5653,15
esm2_t33_650M_UR50D,fold_label,RF,f1_macro,3,0.5357,15
esm2_t33_650M_UR50D,fold_label,RF,f1_macro,4,0.5873,15
esm2_t33_650M_UR50D,fold_label,RF,f1_macro,5,0.5167,15
esm2_t33_650M_UR50D,fold_label,RF,f1_macro,6,0.415,15
esm2_t33_650M_UR50D,fold_label,RF,f1_macro,7,0.3909,15
esm2_t33_650M_UR50D,fold_label,RF,f1_macro,8,0.5929,15
esm2_t33_650M_UR50D,fold_label,RF,f1_macro,9,0.3114,15
esm2_t33_650M_UR50D,fold_label,RF,f1_macro,10,0.4165,15
esm2_t33_650M_UR50D,fold_label,RF,f1_macro,11,0.508,15
esm2_t33_650M_UR50D,fold_label,RF,f1_macro,12,0.5737,15
esm2_t33_650M_UR50D,fold_label,RF,f1_macro,13,0.4702,15
esm2_t33_650M_UR50D,fold_label,RF,f1_macro,14,0.5272,15
esm2_t33_650M_UR50D,fold_label,MLP,f1_macro,0,0.6637,15
esm2_t33_650M_UR50D,fold_label,MLP,f1_macro,1,0.7862,15
esm2_t33_650M_UR50D,fold_label,MLP,f1_macro,2,0.6693,15
esm2_t33_650M_UR50D,fold_label,MLP,f1_macro,3,0.6307,15
esm2_t33_650M_UR50D,fold_label,MLP,f1_macro,4,0.6842,15
esm2_t33_650M_UR50D,fold_label,MLP,f1_macro,5,0.8209,15
esm2_t33_650M_UR50D,fold_label,MLP,f1_macro,6,0.6023,15
esm2_t33_650M_UR50D,fold_label,MLP,f1_macro,7,0.5228,15
esm2_t33_650M_UR50D,fold_label,MLP,f1_macro,8,0.5182,15
esm2_t33_650M_UR50D,fold_label,MLP,f1_macro,9,0.7042,15
esm2_t33_650M_UR50D,fold_label,MLP,f1_macro,10,0.6649,15
esm2_t33_650M_UR50D,fold_label,MLP,f1_macro,11,0.7213,15
esm2_t33_650M_UR50D,fold_label,MLP,f1_macro,12,0.4355,15
esm2_t33_650M_UR50D,fold_label,MLP,f1_macro,13,0.5004,15
esm2_t33_650M_UR50D,fold_label,MLP,f1_macro,14,0.6215,15
esm2_t33_650M_UR50D,localization_class,LogReg,f1_macro,0,0.4641,15
esm2_t33_650M_UR50D,localization_class,LogReg,f1_macro,1,0.4551,15
esm2_t33_650M_UR50D,localization_class,LogReg,f1_macro,2,0.5158,15
esm2_t33_650M_UR50D,localization_class,LogReg,f1_macro,3,0.3108,15
esm2_t33_650M_UR50D,localization_class,LogReg,f1_macro,4,0.5264,15
esm2_t33_650M_UR50D,localization_class,LogReg,f1_macro,5,0.3864,15
esm2_t33_650M_UR50D,localization_class,LogReg,f1_macro,6,0.5017,15
esm2_t33_650M_UR50D,localization_class,LogReg,f1_macro,7,0.6032,15
esm2_t33_650M_UR50D,localization_class,LogReg,f1_macro,8,0.4205,15
esm2_t33_650M_UR50D,localization_class,LogReg,f1_macro,9,0.4478,15
esm2_t33_650M_UR50D,localization_class,LogReg,f1_macro,10,0.5005,15
esm2_t33_650M_UR50D,localization_class,LogReg,f1_macro,11,0.5004,15
esm2_t33_650M_UR50D,localization_class,LogReg,f1_macro,12,0.6145,15
esm2_t33_650M_UR50D,localization_class,LogReg,f1_macro,13,0.47,15
esm2_t33_650M_UR50D,localization_class,LogReg,f1_macro,14,0.494,15
esm2_t33_650M_UR50D,localization_class,RF,f1_macro,0,0.3455,15
esm2_t33_650M_UR50D,localization_class,RF,f1_macro,1,0.3241,15
esm2_t33_650M_UR50D,localization_class,RF,f1_macro,2,0.4446,15
esm2_t33_650M_UR50D,localization_class,RF,f1_macro,3,0.2653,15
esm2_t33_650M_UR50D,localization_class,RF,f1_macro,4,0.2531,15
esm2_t33_650M_UR50D,localization_class,RF,f1_macro,5,0.4812,15
esm2_t33_650M_UR50D,localization_class,RF,f1_macro,6,0.3496,15
esm2_t33_650M_UR50D,localization_class,RF,f1_macro,7,0.525,15
esm2_t33_650M_UR50D,localization_class,RF,f1_macro,8,0.3726,15
esm2_t33_650M_UR50D,localization_class,RF,f1_macro,9,0.4866,15
esm2_t33_650M_UR50D,localization_class,RF,f1_macro,10,0.4337,15
esm2_t33_650M_UR50D,localization_class,RF,f1_macro,11,0.2832,15
esm2_t33_650M_UR50D,localization_class,RF,f1_macro,12,0.2643,15
esm2_t33_650M_UR50D,localization_class,RF,f1_macro,13,0.2361,15
esm2_t33_650M_UR50D,localization_class,RF,f1_macro,14,0.3721,15
esm2_t33_650M_UR50D,localization_class,MLP,f1_macro,0,0.4447,15
esm2_t33_650M_UR50D,localization_class,MLP,f1_macro,1,0.4527,15
esm2_t33_650M_UR50D,localization_class,MLP,f1_macro,2,0.579,15
esm2_t33_650M_UR50D,localization_class,MLP,f1_macro,3,0.2852,15
esm2_t33_650M_UR50D,localization_class,MLP,f1_macro,4,0.4946,15
esm2_t33_650M_UR50D,localization_class,MLP,f1_macro,5,0.491,15
esm2_t33_650M_UR50D,localization_class,MLP,f1_macro,6,0.4429,15
esm2_t33_650M_UR50D,localization_class,MLP,f1_macro,7,0.5899,15
esm2_t33_650M_UR50D,localization_class,MLP,f1_macro,8,0.4621,15
esm2_t33_650M_UR50D,localization_class,MLP,f1_macro,9,0.4304,15
esm2_t33_650M_UR50D,localization_class,MLP,f1_macro,10,0.622,15
esm2_t33_650M_UR50D,localization_class,MLP,f1_macro,11,0.3395,15
esm2_t33_650M_UR50D,localization_class,MLP,f1_macro,12,0.4622,15
esm2_t33_650M_UR50D,localization_class,MLP,f1_macro,13,0.4198,15
esm2_t33_650M_UR50D,localization_class,MLP,f1_macro,14,0.4436,15
esm2_t33_650M_UR50D,species_label,LogReg,f1_macro,0,0.7929,15
esm2_t33_650M_UR50D,species_label,LogReg,f1_macro,1,0.8272,15
esm2_t33_650M_UR50D,species_label,LogReg,f1_macro,2,0.8472,15
esm2_t33_650M_UR50D,species_label,LogReg,f1_macro,3,0.9222,15
esm2_t33_650M_UR50D,species_label,LogReg,f1_macro,4,1.0,15
esm2_t33_650M_UR50D,species_label,LogReg,f1_macro,5,0.6827,15
esm2_t33_650M_UR50D,species_label,LogReg,f1_macro,6,0.8389,15
esm2_t33_650M_UR50D,species_label,LogReg,f1_macro,7,0.756,15
esm2_t33_650M_UR50D,species_label,LogReg,f1_macro,8,0.8611,15
esm2_t33_650M_UR50D,species_label,LogReg,f1_macro,9,0.7381,15
esm2_t33_650M_UR50D,species_label,LogReg,f1_macro,10,0.8056,15
esm2_t33_650M_UR50D,species_label,LogReg,f1_macro,11,0.6786,15
esm2_t33_650M_UR50D,species_label,LogReg,f1_macro,12,0.4725,15
esm2_t33_650M_UR50D,species_label,LogReg,f1_macro,13,0.6389,15
esm2_t33_650M_UR50D,species_label,LogReg,f1_macro,14,0.8434,15
esm2_t33_650M_UR50D,species_label,RF,f1_macro,0,0.6071,15
esm2_t33_650M_UR50D,species_label,RF,f1_macro,1,0.6071,15
esm2_t33_650M_UR50D,species_label,RF,f1_macro,2,0.9035,15
esm2_t33_650M_UR50D,species_label,RF,f1_macro,3,0.4143,15
esm2_t33_650M_UR50D,species_label,RF,f1_macro,4,0.5974,15
esm2_t33_650M_UR50D,species_label,RF,f1_macro,5,0.5587,15
esm2_t33_650M_UR50D,species_label,RF,f1_macro,6,0.9524,15
esm2_t33_650M_UR50D,species_label,RF,f1_macro,7,0.7868,15
esm2_t33_650M_UR50D,species_label,RF,f1_macro,8,0.9591,15
esm2_t33_650M_UR50D,species_label,RF,f1_macro,9,0.6916,15
esm2_t33_650M_UR50D,species_label,RF,f1_macro,10,0.529,15
esm2_t33_650M_UR50D,species_label,RF,f1_macro,11,0.5457,15
esm2_t33_650M_UR50D,species_label,RF,f1_macro,12,0.378,15
esm2_t33_650M_UR50D,species_label,RF,f1_macro,13,0.6212,15
esm2_t33_650M_UR50D,species_label,RF,f1_macro,14,0.7976,15
esm2_t33_650M_UR50D,species_label,MLP,f1_macro,0,0.7708,15
esm2_t33_650M_UR50D,species_label,MLP,f1_macro,1,0.6717,15
esm2_t33_650M_UR50D,species_label,MLP,f1_macro,2,0.9035,15
esm2_t33_650M_UR50D,species_label,MLP,f1_macro,3,0.6389,15
esm2_t33_650M_UR50D,species_label,MLP,f1_macro,4,1.0,15
esm2_t33_650M_UR50D,species_label,MLP,f1_macro,5,0.7368,15
esm2_t33_650M_UR50D,species_label,MLP,f1_macro,6,0.9035,15
esm2_t33_650M_UR50D,species_label,MLP,f1_macro,7,0.7868,15
esm2_t33_650M_UR50D,species_label,MLP,f1_macro,8,0.9591,15
esm2_t33_650M_UR50D,species_label,MLP,f1_macro,9,0.6605,15
esm2_t33_650M_UR50D,species_label,MLP,f1_macro,10,0.9097,15
esm2_t33_650M_UR50D,species_label,MLP,f1_macro,11,0.6786,15
esm2_t33_650M_UR50D,species_label,MLP,f1_macro,12,0.462,15
esm2_t33_650M_UR50D,species_label,MLP,f1_macro,13,0.6722,15
esm2_t33_650M_UR50D,species_label,MLP,f1_macro,14,0.7143,15
esm2_t33_650M_UR50D,tm_label,LogReg,mcc,0,0.4325,15
esm2_t33_650M_UR50D,tm_label,LogReg,mcc,1,0.7699,15
esm2_t33_650M_UR50D,tm_label,LogReg,mcc,2,0.5655,15
esm2_t33_650M_UR50D,tm_label,LogReg,mcc,3,0.5655,15
esm2_t33_650M_UR50D,tm_label,LogReg,mcc,4,0.5655,15
esm2_t33_650M_UR50D,tm_label,LogReg,mcc,5,0.5655,15
esm2_t33_650M_UR50D,tm_label,LogReg,mcc,6,0.646,15
esm2_t33_650M_UR50D,tm_label,LogReg,mcc,7,0.3048,15
esm2_t33_650M_UR50D,tm_label,LogReg,mcc,8,0.1298,15
esm2_t33_650M_UR50D,tm_label,LogReg,mcc,9,0.2093,15
esm2_t33_650M_UR50D,tm_label,LogReg,mcc,10,0.2687,15
esm2_t33_650M_UR50D,tm_label,LogReg,mcc,11,0.1298,15
esm2_t33_650M_UR50D,tm_label,LogReg,mcc,12,0.3038,15
esm2_t33_650M_UR50D,tm_label,LogReg,mcc,13,0.3474,15
esm2_t33_650M_UR50D,tm_label,LogReg,mcc,14,0.4161,15
esm2_t33_650M_UR50D,tm_label,RF,mcc,0,0.0,15
esm2_t33_650M_UR50D,tm_label,RF,mcc,1,0.0,15
esm2_t33_650M_UR50D,tm_label,RF,mcc,2,0.0,15
esm2_t33_650M_UR50D,tm_label,RF,mcc,3,0.0,15
esm2_t33_650M_UR50D,tm_label,RF,mcc,4,0.0,15
esm2_t33_650M_UR50D,tm_label,RF,mcc,5,0.0,15
esm2_t33_650M_UR50D,tm_label,RF,mcc,6,0.0,15
esm2_t33_650M_UR50D,tm_label,RF,mcc,7,0.0,15
esm2_t33_650M_UR50D,tm_label,RF,mcc,8,0.0,15
esm2_t33_650M_UR50D,tm_label,RF,mcc,9,0.0,15
esm2_t33_650M_UR50D,tm_label,RF,mcc,10,0.0,15
esm2_t33_650M_UR50D,tm_label,RF,mcc,11,0.0,15
esm2_t33_650M_UR50D,tm_label,RF,mcc,12,0.0,15
esm2_t33_650M_UR50D,tm_label,RF,mcc,13,0.0,15
esm2_t33_650M_UR50D,tm_label,RF,mcc,14,0.0,15
esm2_t33_650M_UR50D,tm_label,MLP,mcc,0,0.0,15
esm2_t33_650M_UR50D,tm_label,MLP,mcc,1,0.5655,15
esm2_t33_650M_UR50D,tm_label,MLP,mcc,2,0.0,15
esm2_t33_650M_UR50D,tm_label,MLP,mcc,3,0.4325,15
esm2_t33_650M_UR50D,tm_label,MLP,mcc,4,0.0,15
esm2_t33_650M_UR50D,tm_label,MLP,mcc,5,0.0,15
esm2_t33_650M_UR50D,tm_label,MLP,mcc,6,0.0,15
esm2_t33_650M_UR50D,tm_label,MLP,mcc,7,-0.0373,15
esm2_t33_650M_UR50D,tm_label,MLP,mcc,8,-0.0668,15
esm2_t33_650M_UR50D,tm_label,MLP,mcc,9,0.2812,15
esm2_t33_650M_UR50D,tm_label,MLP,mcc,10,0.0,15
esm2_t33_650M_UR50D,tm_label,MLP,mcc,11,0.0,15
esm2_t33_650M_UR50D,tm_label,MLP,mcc,12,0.0,15
esm2_t33_650M_UR50D,tm_label,MLP,mcc,13,-0.0541,15
esm2_t33_650M_UR50D,tm_label,MLP,mcc,14,-0.0379,15
esm2_t33_650M_UR50D,disorder_global,LogReg,mcc,0,0.3242,15
esm2_t33_650M_UR50D,disorder_global,LogReg,mcc,1,0.2315,15
esm2_t33_650M_UR50D,disorder_global,LogReg,mcc,2,0.2924,15
esm2_t33_650M_UR50D,disorder_global,LogReg,mcc,3,0.3542,15
esm2_t33_650M_UR50D,disorder_global,LogReg,mcc,4,0.2614,15
esm2_t33_650M_UR50D,disorder_global,LogReg,mcc,5,0.1695,15
esm2_t33_650M_UR50D,disorder_global,LogReg,mcc,6,0.301,15
esm2_t33_650M_UR50D,disorder_global,LogReg,mcc,7,0.2614,15
esm2_t33_650M_UR50D,disorder_global,LogReg,mcc,8,0.3846,15
esm2_t33_650M_UR50D,disorder_global,LogReg,mcc,9,0.1691,15
esm2_t33_650M_UR50D,disorder_global,LogReg,mcc,10,0.4157,15
esm2_t33_650M_UR50D,disorder_global,LogReg,mcc,11,0.1071,15
esm2_t33_650M_UR50D,disorder_global,LogReg,mcc,12,0.3561,15
esm2_t33_650M_UR50D,disorder_global,LogReg,mcc,13,0.469,15
esm2_t33_650M_UR50D,disorder_global,LogReg,mcc,14,0.3523,15
esm2_t33_650M_UR50D,disorder_global,RF,mcc,0,0.3241,15
esm2_t33_650M_UR50D,disorder_global,RF,mcc,1,0.0767,15
esm2_t33_650M_UR50D,disorder_global,RF,mcc,2,0.294,15
esm2_t33_650M_UR50D,disorder_global,RF,mcc,3,0.2311,15
esm2_t33_650M_UR50D,disorder_global,RF,mcc,4,0.3601,15
esm2_t33_650M_UR50D,disorder_global,RF,mcc,5,0.1687,15
esm2_t33_650M_UR50D,disorder_global,RF,mcc,6,0.1998,15
esm2_t33_650M_UR50D,disorder_global,RF,mcc,7,0.3886,15
esm2_t33_650M_UR50D,disorder_global,RF,mcc,8,0.3306,15
esm2_t33_650M_UR50D,disorder_global,RF,mcc,9,0.1691,15
esm2_t33_650M_UR50D,disorder_global,RF,mcc,10,0.2614,15
esm2_t33_650M_UR50D,disorder_global,RF,mcc,11,0.2855,15
esm2_t33_650M_UR50D,disorder_global,RF,mcc,12,0.2092,15
esm2_t33_650M_UR50D,disorder_global,RF,mcc,13,0.5315,15
esm2_t33_650M_UR50D,disorder_global,RF,mcc,14,0.3757,15
esm2_t33_650M_UR50D,disorder_global,MLP,mcc,0,0.2919,15
esm2_t33_650M_UR50D,disorder_global,MLP,mcc,1,0.201,15
esm2_t33_650M_UR50D,disorder_global,MLP,mcc,2,0.2614,15
esm2_t33_650M_UR50D,disorder_global,MLP,mcc,3,0.3643,15
esm2_t33_650M_UR50D,disorder_global,MLP,mcc,4,0.2305,15
esm2_t33_650M_UR50D,disorder_global,MLP,mcc,5,0.079,15
esm2_t33_650M_UR50D,disorder_global,MLP,mcc,6,0.3543,15
esm2_t33_650M_UR50D,disorder_global,MLP,mcc,7,0.4152,15
esm2_t33_650M_UR50D,disorder_global,MLP,mcc,8,0.3229,15
esm2_t33_650M_UR50D,disorder_global,MLP,mcc,9,0.1994,15
esm2_t33_650M_UR50D,disorder_global,MLP,mcc,10,0.2648,15
esm2_t33_650M_UR50D,disorder_global,MLP,mcc,11,0.3305,15
esm2_t33_650M_UR50D,disorder_global,MLP,mcc,12,0.2311,15
esm2_t33_650M_UR50D,disorder_global,MLP,mcc,13,0.2847,15
esm2_t33_650M_UR50D,disorder_global,MLP,mcc,14,0.4375,15
esm2_t33_650M_UR50D,acc_mean,LogReg,mcc,0,0.6922,15
esm2_t33_650M_UR50D,acc_mean,LogReg,mcc,1,0.697,15
esm2_t33_650M_UR50D,acc_mean,LogReg,mcc,2,0.6616,15
esm2_t33_650M_UR50D,acc_mean,LogReg,mcc,3,0.7257,15
esm2_t33_650M_UR50D,acc_mean,LogReg,mcc,4,0.7232,15
esm2_t33_650M_UR50D,acc_mean,LogReg,mcc,5,0.7882,15
esm2_t33_650M_UR50D,acc_mean,LogReg,mcc,6,0.6315,15
esm2_t33_650M_UR50D,acc_mean,LogReg,mcc,7,0.7235,15
esm2_t33_650M_UR50D,acc_mean,LogReg,mcc,8,0.6933,15
esm2_t33_650M_UR50D,acc_mean,LogReg,mcc,9,0.7945,15
esm2_t33_650M_UR50D,acc_mean,LogReg,mcc,10,0.6933,15
esm2_t33_650M_UR50D,acc_mean,LogReg,mcc,11,0.7882,15
esm2_t33_650M_UR50D,acc_mean,LogReg,mcc,12,0.76,15
esm2_t33_650M_UR50D,acc_mean,LogReg,mcc,13,0.7515,15
esm2_t33_650M_UR50D,acc_mean,LogReg,mcc,14,0.6999,15
esm2_t33_650M_UR50D,acc_mean,RF,mcc,0,0.6648,15
esm2_t33_650M_UR50D,acc_mean,RF,mcc,1,0.6004,15
esm2_t33_650M_UR50D,acc_mean,RF,mcc,2,0.6938,15
esm2_t33_650M_UR50D,acc_mean,RF,mcc,3,0.6638,15
esm2_t33_650M_UR50D,acc_mean,RF,mcc,4,0.6322,15
esm2_t33_650M_UR50D,acc_mean,RF,mcc,5,0.7265,15
esm2_t33_650M_UR50D,acc_mean,RF,mcc,6,0.6019,15
esm2_t33_650M_UR50D,acc_mean,RF,mcc,7,0.6322,15
esm2_t33_650M_UR50D,acc_mean,RF,mcc,8,0.5384,15
esm2_t33_650M_UR50D,acc_mean,RF,mcc,9,0.6933,15
esm2_t33_650M_UR50D,acc_mean,RF,mcc,10,0.5698,15
esm2_t33_650M_UR50D,acc_mean,RF,mcc,11,0.6638,15
esm2_t33_650M_UR50D,acc_mean,RF,mcc,12,0.6004,15
esm2_t33_650M_UR50D,acc_mean,RF,mcc,13,0.7191,15
esm2_t33_650M_UR50D,acc_mean,RF,mcc,14,0.7635,15
esm2_t33_650M_UR50D,acc_mean,MLP,mcc,0,0.6616,15
esm2_t33_650M_UR50D,acc_mean,MLP,mcc,1,0.6638,15
esm2_t33_650M_UR50D,acc_mean,MLP,mcc,2,0.7555,15
esm2_t33_650M_UR50D,acc_mean,MLP,mcc,3,0.6687,15
esm2_t33_650M_UR50D,acc_mean,MLP,mcc,4,0.603,15
esm2_t33_650M_UR50D,acc_mean,MLP,mcc,5,0.7555,15
esm2_t33_650M_UR50D,acc_mean,MLP,mcc,6,0.6619,15
esm2_t33_650M_UR50D,acc_mean,MLP,mcc,7,0.7882,15
esm2_t33_650M_UR50D,acc_mean,MLP,mcc,8,0.6322,15
esm2_t33_650M_UR50D,acc_mean,MLP,mcc,9,0.7882,15
esm2_t33_650M_UR50D,acc_mean,MLP,mcc,10,0.5727,15
esm2_t33_650M_UR50D,acc_mean,MLP,mcc,11,0.5727,15
esm2_t33_650M_UR50D,acc_mean,MLP,mcc,12,0.6362,15
esm2_t33_650M_UR50D,acc_mean,MLP,mcc,13,0.7816,15
esm2_t33_650M_UR50D,acc_mean,MLP,mcc,14,0.6929,15
esm2_t33_650M_UR50D,aggregation_score,LogReg,mcc,0,0.5105,15
esm2_t33_650M_UR50D,aggregation_score,LogReg,mcc,1,0.5691,15
esm2_t33_650M_UR50D,aggregation_score,LogReg,mcc,2,0.2919,15
esm2_t33_650M_UR50D,aggregation_score,LogReg,mcc,3,0.5691,15
esm2_t33_650M_UR50D,aggregation_score,LogReg,mcc,4,0.446,15
esm2_t33_650M_UR50D,aggregation_score,LogReg,mcc,5,0.5803,15
esm2_t33_650M_UR50D,aggregation_score,LogReg,mcc,6,0.6004,15
esm2_t33_650M_UR50D,aggregation_score,LogReg,mcc,7,0.4463,15
esm2_t33_650M_UR50D,aggregation_score,LogReg,mcc,8,0.2973,15
esm2_t33_650M_UR50D,aggregation_score,LogReg,mcc,9,0.4162,15
esm2_t33_650M_UR50D,aggregation_score,LogReg,mcc,10,0.6019,15
esm2_t33_650M_UR50D,aggregation_score,LogReg,mcc,11,0.4474,15
esm2_t33_650M_UR50D,aggregation_score,LogReg,mcc,12,0.3886,15
esm2_t33_650M_UR50D,aggregation_score,LogReg,mcc,13,0.2505,15
esm2_t33_650M_UR50D,aggregation_score,LogReg,mcc,14,0.5636,15
esm2_t33_650M_UR50D,aggregation_score,RF,mcc,0,0.6322,15
esm2_t33_650M_UR50D,aggregation_score,RF,mcc,1,0.2919,15
esm2_t33_650M_UR50D,aggregation_score,RF,mcc,2,0.4768,15
esm2_t33_650M_UR50D,aggregation_score,RF,mcc,3,0.3601,15
esm2_t33_650M_UR50D,aggregation_score,RF,mcc,4,0.4162,15
esm2_t33_650M_UR50D,aggregation_score,RF,mcc,5,0.4554,15
esm2_t33_650M_UR50D,aggregation_score,RF,mcc,6,0.5727,15
esm2_t33_650M_UR50D,aggregation_score,RF,mcc,7,0.4157,15
esm2_t33_650M_UR50D,aggregation_score,RF,mcc,8,0.4622,15
esm2_t33_650M_UR50D,aggregation_score,RF,mcc,9,0.3543,15
esm2_t33_650M_UR50D,aggregation_score,RF,mcc,10,0.5727,15
esm2_t33_650M_UR50D,aggregation_score,RF,mcc,11,0.1709,15
esm2_t33_650M_UR50D,aggregation_score,RF,mcc,12,0.3229,15
esm2_t33_650M_UR50D,aggregation_score,RF,mcc,13,0.315,15
esm2_t33_650M_UR50D,aggregation_score,RF,mcc,14,0.5,15
esm2_t33_650M_UR50D,aggregation_score,MLP,mcc,0,0.6616,15
esm2_t33_650M_UR50D,aggregation_score,MLP,mcc,1,0.5081,15
esm2_t33_650M_UR50D,aggregation_score,MLP,mcc,2,0.5076,15
esm2_t33_650M_UR50D,aggregation_score,MLP,mcc,3,0.6613,15
esm2_t33_650M_UR50D,aggregation_score,MLP,mcc,4,0.3266,15
esm2_t33_650M_UR50D,aggregation_score,MLP,mcc,5,0.6938,15
esm2_t33_650M_UR50D,aggregation_score,MLP,mcc,6,0.6,15
esm2_t33_650M_UR50D,aggregation_score,MLP,mcc,7,0.5384,15
esm2_t33_650M_UR50D,aggregation_score,MLP,mcc,8,0.4554,15
esm2_t33_650M_UR50D,aggregation_score,MLP,mcc,9,0.509,15
esm2_t33_650M_UR50D,aggregation_score,MLP,mcc,10,0.6619,15
esm2_t33_650M_UR50D,aggregation_score,MLP,mcc,11,0.4796,15
esm2_t33_650M_UR50D,aggregation_score,MLP,mcc,12,0.3595,15
esm2_t33_650M_UR50D,aggregation_score,MLP,mcc,13,0.375,15
esm2_t33_650M_UR50D,aggregation_score,MLP,mcc,14,0.6875,15
ankh_large,fold_label,LogReg,f1_macro,0,0.8633,15
ankh_large,fold_label,LogReg,f1_macro,1,0.8916,15
ankh_large,fold_label,LogReg,f1_macro,2,0.7452,15
ankh_large,fold_label,LogReg,f1_macro,3,0.7208,15
ankh_large,fold_label,LogReg,f1_macro,4,0.7485,15
ankh_large,fold_label,LogReg,f1_macro,5,0.6545,15
ankh_large,fold_label,LogReg,f1_macro,6,0.7939,15
ankh_large,fold_label,LogReg,f1_macro,7,0.7054,15
ankh_large,fold_label,LogReg,f1_macro,8,0.7152,15
ankh_large,fold_label,LogReg,f1_macro,9,0.7038,15
ankh_large,fold_label,LogReg,f1_macro,10,0.7207,15
ankh_large,fold_label,LogReg,f1_macro,11,0.6812,15
ankh_large,fold_label,LogReg,f1_macro,12,0.7059,15
ankh_large,fold_label,LogReg,f1_macro,13,0.6709,15
ankh_large,fold_label,LogReg,f1_macro,14,0.6462,15
ankh_large,fold_label,RF,f1_macro,0,0.5844,15
ankh_large,fold_label,RF,f1_macro,1,0.6092,15
ankh_large,fold_label,RF,f1_macro,2,0.578,15
ankh_large,fold_label,RF,f1_macro,3,0.2558,15
ankh_large,fold_label,RF,f1_macro,4,0.6052,15
ankh_large,fold_label,RF,f1_macro,5,0.5641,15
ankh_large,fold_label,RF,f1_macro,6,0.509,15
ankh_large,fold_label,RF,f1_macro,7,0.478,15
ankh_large,fold_label,RF,f1_macro,8,0.5197,15
ankh_large,fold_label,RF,f1_macro,9,0.4686,15
ankh_large,fold_label,RF,f1_macro,10,0.6391,15
ankh_large,fold_label,RF,f1_macro,11,0.5764,15
ankh_large,fold_label,RF,f1_macro,12,0.4452,15
ankh_large,fold_label,RF,f1_macro,13,0.458,15
ankh_large,fold_label,RF,f1_macro,14,0.4279,15
ankh_large,fold_label,MLP,f1_macro,0,0.8991,15
ankh_large,fold_label,MLP,f1_macro,1,0.6942,15
ankh_large,fold_label,MLP,f1_macro,2,0.7162,15
ankh_large,fold_label,MLP,f1_macro,3,0.5895,15
ankh_large,fold_label,MLP,f1_macro,4,0.7372,15
ankh_large,fold_label,MLP,f1_macro,5,0.7399,15
ankh_large,fold_label,MLP,f1_macro,6,0.4411,15
ankh_large,fold_label,MLP,f1_macro,7,0.6451,15
ankh_large,fold_label,MLP,f1_macro,8,0.629,15
ankh_large,fold_label,MLP,f1_macro,9,0.7311,15
ankh_large,fold_label,MLP,f1_macro,10,0.7254,15
ankh_large,fold_label,MLP,f1_macro,11,0.631,15
ankh_large,fold_label,MLP,f1_macro,12,0.6509,15
ankh_large,fold_label,MLP,f1_macro,13,0.6041,15
ankh_large,fold_label,MLP,f1_macro,14,0.464,15
ankh_large,localization_class,LogReg,f1_macro,0,0.406,15
ankh_large,localization_class,LogReg,f1_macro,1,0.6114,15
ankh_large,localization_class,LogReg,f1_macro,2,0.6147,15
ankh_large,localization_class,LogReg,f1_macro,3,0.5143,15
ankh_large,localization_class,LogReg,f1_macro,4,0.3357,15
ankh_large,localization_class,LogReg,f1_macro,5,0.5543,15
ankh_large,localization_class,LogReg,f1_macro,6,0.4068,15
ankh_large,localization_class,LogReg,f1_macro,7,0.6679,15
ankh_large,localization_class,LogReg,f1_macro,8,0.5703,15
ankh_large,localization_class,LogReg,f1_macro,9,0.4165,15
ankh_large,localization_class,LogReg,f1_macro,10,0.5846,15
ankh_large,localization_class,LogReg,f1_macro,11,0.3839,15
ankh_large,localization_class,LogReg,f1_macro,12,0.5647,15
ankh_large,localization_class,LogReg,f1_macro,13,0.4671,15
ankh_large,localization_class,LogReg,f1_macro,14,0.5877,15
ankh_large,localization_class,RF,f1_macro,0,0.3653,15
ankh_large,localization_class,RF,f1_macro,1,0.2501,15
ankh_large,localization_class,RF,f1_macro,2,0.3806,15
ankh_large,localization_class,RF,f1_macro,3,0.3104,15
ankh_large,localization_class,RF,f1_macro,4,0.1091,15
ankh_large,localization_class,RF,f1_macro,5,0.3533,15
ankh_large,localization_class,RF,f1_macro,6,0.2634,15
ankh_large,localization_class,RF,f1_macro,7,0.3991,15
ankh_large,localization_class,RF,f1_macro,8,0.3964,15
ankh_large,localization_class,RF,f1_macro,9,0.4089,15
ankh_large,localization_class,RF,f1_macro,10,0.3643,15
ankh_large,localization_class,RF,f1_macro,11,0.2553,15
ankh_large,localization_class,RF,f1_macro,12,0.481,15
ankh_large,localization_class,RF,f1_macro,13,0.3067,15
ankh_large,localization_class,RF,f1_macro,14,0.2526,15
ankh_large,localization_class,MLP,f1_macro,0,0.4205,15
ankh_large,localization_class,MLP,f1_macro,1,0.4373,15
ankh_large,localization_class,MLP,f1_macro,2,0.4776,15
ankh_large,localization_class,MLP,f1_macro,3,0.3312,15
ankh_large,localization_class,MLP,f1_macro,4,0.4229,15
ankh_large,localization_class,MLP,f1_macro,5,0.5507,15
ankh_large,localization_class,MLP,f1_macro,6,0.5297,15
ankh_large,localization_class,MLP,f1_macro,7,0.6037,15
ankh_large,localization_class,MLP,f1_macro,8,0.6146,15
ankh_large,localization_class,MLP,f1_macro,9,0.4137,15
ankh_large,localization_class,MLP,f1_macro,10,0.6535,15
ankh_large,localization_class,MLP,f1_macro,11,0.4741,15
ankh_large,localization_class,MLP,f1_macro,12,0.4821,15
ankh_large,localization_class,MLP,f1_macro,13,0.4636,15
ankh_large,localization_class,MLP,f1_macro,14,0.5258,15
ankh_large,species_label,LogReg,f1_macro,0,0.5694,15
ankh_large,species_label,LogReg,f1_macro,1,0.6995,15
ankh_large,species_label,LogReg,f1_macro,2,1.0,15
ankh_large,species_label,LogReg,f1_macro,3,0.3405,15
ankh_large,species_label,LogReg,f1_macro,4,1.0,15
ankh_large,species_label,LogReg,f1_macro,5,0.8639,15
ankh_large,species_label,LogReg,f1_macro,6,0.9591,15
ankh_large,species_label,LogReg,f1_macro,7,0.7868,15
ankh_large,species_label,LogReg,f1_macro,8,0.8944,15
ankh_large,species_label,LogReg,f1_macro,9,0.8939,15
ankh_large,species_label,LogReg,f1_macro,10,0.7523,15
ankh_large,species_label,LogReg,f1_macro,11,0.8865,15
ankh_large,species_label,LogReg,f1_macro,12,0.3772,15
ankh_large,species_label,LogReg,f1_macro,13,0.4722,15
ankh_large,species_label,LogReg,f1_macro,14,0.8202,15
ankh_large,species_label,RF,f1_macro,0,0.2381,15
ankh_large,species_label,RF,f1_macro,1,0.2589,15
ankh_large,species_label,RF,f1_macro,2,0.3832,15
ankh_large,species_label,RF,f1_macro,3,0.2633,15
ankh_large,species_label,RF,f1_macro,4,0.5587,15
ankh_large,species_label,RF,f1_macro,5,0.3304,15
ankh_large,species_label,RF,f1_macro,6,0.2833,15
ankh_large,species_label,RF,f1_macro,7,0.625,15
ankh_large,species_label,RF,f1_macro,8,0.55,15
ankh_large,species_label,RF,f1_macro,9,0.2798,15
ankh_large,species_label,RF,f1_macro,10,0.3168,15
ankh_large,species_label,RF,f1_macro,11,0.18,15
ankh_large,species_label,RF,f1_macro,12,0.3623,15
ankh_large,species_label,RF,f1_macro,13,0.2875,15
ankh_large,species_label,RF,f1_macro,14,0.1875,15
ankh_large,species_label,MLP,f1_macro,0,0.5238,15
ankh_large,species_label,MLP,f1_macro,1,0.6,15
ankh_large,species_label,MLP,f1_macro,2,0.5268,15
ankh_large,species_label,MLP,f1_macro,3,0.3405,15
ankh_large,species_label,MLP,f1_macro,4,0.7105,15
ankh_large,species_label,MLP,f1_macro,5,0.4268,15
ankh_large,species_label,MLP,f1_macro,6,0.5136,15
ankh_large,species_label,MLP,f1_macro,7,0.5269,15
ankh_large,species_label,MLP,f1_macro,8,0.8185,15
ankh_large,species_label,MLP,f1_macro,9,0.6341,15
ankh_large,species_label,MLP,f1_macro,10,0.6729,15
ankh_large,species_label,MLP,f1_macro,11,0.5952,15
ankh_large,species_label,MLP,f1_macro,12,0.5476,15
ankh_large,species_label,MLP,f1_macro,13,0.2953,15
ankh_large,species_label,MLP,f1_macro,14,0.4643,15
ankh_large,tm_label,LogReg,mcc,0,0.2101,15
ankh_large,tm_label,LogReg,mcc,1,0.2818,15
ankh_large,tm_label,LogReg,mcc,2,0.1644,15
ankh_large,tm_label,LogReg,mcc,3,0.5049,15
ankh_large,tm_label,LogReg,mcc,4,0.4858,15
ankh_large,tm_label,LogReg,mcc,5,0.5655,15
ankh_large,tm_label,LogReg,mcc,6,0.2818,15
ankh_large,tm_label,LogReg,mcc,7,0.4858,15
ankh_large,tm_label,LogReg,mcc,8,-0.0541,15
ankh_large,tm_label,LogReg,mcc,9,0.5041,15
ankh_large,tm_label,LogReg,mcc,10,0.4853,15
ankh_large,tm_label,LogReg,mcc,11,0.1298,15
ankh_large,tm_label,LogReg,mcc,12,0.2093,15
ankh_large,tm_label,LogReg,mcc,13,0.5041,15
ankh_large,tm_label,LogReg,mcc,14,0.1298,15
ankh_large,tm_label,RF,mcc,0,0.0,15
ankh_large,tm_label,RF,mcc,1,0.0,15
ankh_large,tm_label,RF,mcc,2,0.0,15
ankh_large,tm_label,RF,mcc,3,0.0,15
ankh_large,tm_label,RF,mcc,4,0.0,15
ankh_large,tm_label,RF,mcc,5,0.0,15
ankh_large,tm_label,RF,mcc,6,0.0,15
ankh_large,tm_label,RF,mcc,7,0.0,15
ankh_large,tm_label,RF,mcc,8,0.0,15
ankh_large,tm_label,RF,mcc,9,0.0,15
ankh_large,tm_label,RF,mcc,10,0.0,15
ankh_large,tm_label,RF,mcc,11,0.0,15
ankh_large,tm_label,RF,mcc,12,0.0,15
ankh_large,tm_label,RF,mcc,13,0.0,15
ankh_large,tm_label,RF,mcc,14,0.0,15
ankh_large,tm_label,MLP,mcc,0,0.0,15
ankh_large,tm_label,MLP,mcc,1,0.0,15
ankh_large,tm_label,MLP,mcc,2,0.0,15
ankh_large,tm_label,MLP,mcc,3,0.0,15
ankh_large,tm_label,MLP,mcc,4,0.0,15
ankh_large,tm_label,MLP,mcc,5,0.0,15
ankh_large,tm_label,MLP,mcc,6,0.0,15
ankh_large,tm_label,MLP,mcc,7,0.0,15
ankh_large,tm_label,MLP,mcc,8,0.0,15
ankh_large,tm_label,MLP,mcc,9,0.0,15
ankh_large,tm_label,MLP,mcc,10,0.0,15
ankh_large,tm_label,MLP,mcc,11,0.0,15
ankh_large,tm_label,MLP,mcc,12,0.0,15
ankh_large,tm_label,MLP,mcc,13,0.0,15
ankh_large,tm_label,MLP,mcc,14,0.0,15
ankh_large,disorder_global,LogReg,mcc,0,0.2315,15
ankh_large,disorder_global,LogReg,mcc,1,0.3561,15
ankh_large,disorder_global,LogReg,mcc,2,0.2614,15
ankh_large,disorder_global,LogReg,mcc,3,0.201,15
ankh_large,disorder_global,LogReg,mcc,4,0.1092,15
ankh_large,disorder_global,LogReg,mcc,5,0.4157,15
ankh_large,disorder_global,LogReg,mcc,6,0.1998,15
ankh_large,disorder_global,LogReg,mcc,7,0.3542,15
ankh_large,disorder_global,LogReg,mcc,8,0.301,15
ankh_large,disorder_global,LogReg,mcc,9,0.1687,15
ankh_large,disorder_global,LogReg,mcc,10,0.3229,15
ankh_large,disorder_global,LogReg,mcc,11,0.2725,15
ankh_large,disorder_global,LogReg,mcc,12,0.2648,15
ankh_large,disorder_global,LogReg,mcc,13,0.3757,15
ankh_large,disorder_global,LogReg,mcc,14,0.3757,15
ankh_large,disorder_global,RF,mcc,0,0.446,15
ankh_large,disorder_global,RF,mcc,1,0.1695,15
ankh_large,disorder_global,RF,mcc,2,0.3595,15
ankh_large,disorder_global,RF,mcc,3,0.1998,15
ankh_large,disorder_global,RF,mcc,4,0.1092,15
ankh_large,disorder_global,RF,mcc,5,0.2944,15
ankh_large,disorder_global,RF,mcc,6,0.3242,15
ankh_large,disorder_global,RF,mcc,7,0.5076,15
ankh_large,disorder_global,RF,mcc,8,0.3229,15
ankh_large,disorder_global,RF,mcc,9,0.2303,15
ankh_large,disorder_global,RF,mcc,10,0.446,15
ankh_large,disorder_global,RF,mcc,11,0.3643,15
ankh_large,disorder_global,RF,mcc,12,0.2352,15
ankh_large,disorder_global,RF,mcc,13,0.252,15
ankh_large,disorder_global,RF,mcc,14,0.3131,15
ankh_large,disorder_global,MLP,mcc,0,0.4781,15
ankh_large,disorder_global,MLP,mcc,1,0.2919,15
ankh_large,disorder_global,MLP,mcc,2,0.3846,15
ankh_large,disorder_global,MLP,mcc,3,0.2973,15
ankh_large,disorder_global,MLP,mcc,4,0.2614,15
ankh_large,disorder_global,MLP,mcc,5,0.5178,15
ankh_large,disorder_global,MLP,mcc,6,0.2612,15
ankh_large,disorder_global,MLP,mcc,7,0.4773,15
ankh_large,disorder_global,MLP,mcc,8,0.076,15
ankh_large,disorder_global,MLP,mcc,9,0.0475,15
ankh_large,disorder_global,MLP,mcc,10,0.4622,15
ankh_large,disorder_global,MLP,mcc,11,0.3643,15
ankh_large,disorder_global,MLP,mcc,12,0.2648,15
ankh_large,disorder_global,MLP,mcc,13,0.25,15
ankh_large,disorder_global,MLP,mcc,14,0.2847,15
ankh_large,acc_mean,LogReg,mcc,0,0.785,15
ankh_large,acc_mean,LogReg,mcc,1,0.5384,15
ankh_large,acc_mean,LogReg,mcc,2,0.785,15
ankh_large,acc_mean,LogReg,mcc,3,0.7876,15
ankh_large,acc_mean,LogReg,mcc,4,0.6619,15
ankh_large,acc_mean,LogReg,mcc,5,0.6348,15
ankh_large,acc_mean,LogReg,mcc,6,0.7311,15
ankh_large,acc_mean,LogReg,mcc,7,0.7555,15
ankh_large,acc_mean,LogReg,mcc,8,0.7257,15
ankh_large,acc_mean,LogReg,mcc,9,0.7235,15
ankh_large,acc_mean,LogReg,mcc,10,0.6,15
ankh_large,acc_mean,LogReg,mcc,11,0.755,15
ankh_large,acc_mean,LogReg,mcc,12,0.6081,15
ankh_large,acc_mean,LogReg,mcc,13,0.5336,15
ankh_large,acc_mean,LogReg,mcc,14,0.6929,15
ankh_large,acc_mean,RF,mcc,0,0.6702,15
ankh_large,acc_mean,RF,mcc,1,0.6322,15
ankh_large,acc_mean,RF,mcc,2,0.6648,15
ankh_large,acc_mean,RF,mcc,3,0.7538,15
ankh_large,acc_mean,RF,mcc,4,0.6702,15
ankh_large,acc_mean,RF,mcc,5,0.7555,15
ankh_large,acc_mean,RF,mcc,6,0.6348,15
ankh_large,acc_mean,RF,mcc,7,0.7882,15
ankh_large,acc_mean,RF,mcc,8,0.6616,15
ankh_large,acc_mean,RF,mcc,9,0.7538,15
ankh_large,acc_mean,RF,mcc,10,0.5779,15
ankh_large,acc_mean,RF,mcc,11,0.5727,15
ankh_large,acc_mean,RF,mcc,12,0.5691,15
ankh_large,acc_mean,RF,mcc,13,0.6644,15
ankh_large,acc_mean,RF,mcc,14,0.7191,15
ankh_large,acc_mean,MLP,mcc,0,0.7232,15
ankh_large,acc_mean,MLP,mcc,1,0.6322,15
ankh_large,acc_mean,MLP,mcc,2,0.6702,15
ankh_large,acc_mean,MLP,mcc,3,0.8167,15
ankh_large,acc_mean,MLP,mcc,4,0.6619,15
ankh_large,acc_mean,MLP,mcc,5,0.8171,15
ankh_large,acc_mean,MLP,mcc,6,0.6348,15
ankh_large,acc_mean,MLP,mcc,7,0.7882,15
ankh_large,acc_mean,MLP,mcc,8,0.6638,15
ankh_large,acc_mean,MLP,mcc,9,0.6362,15
ankh_large,acc_mean,MLP,mcc,10,0.6933,15
ankh_large,acc_mean,MLP,mcc,11,0.7311,15
ankh_large,acc_mean,MLP,mcc,12,0.6619,15
ankh_large,acc_mean,MLP,mcc,13,0.6929,15
ankh_large,acc_mean,MLP,mcc,14,0.6888,15
ankh_large,aggregation_score,LogReg,mcc,0,0.6619,15
ankh_large,aggregation_score,LogReg,mcc,1,0.4796,15
ankh_large,aggregation_score,LogReg,mcc,2,0.4162,15
ankh_large,aggregation_score,LogReg,mcc,3,0.3845,15
ankh_large,aggregation_score,LogReg,mcc,4,0.446,15
ankh_large,aggregation_score,LogReg,mcc,5,0.4768,15
ankh_large,aggregation_score,LogReg,mcc,6,0.6616,15
ankh_large,aggregation_score,LogReg,mcc,7,0.4781,15
ankh_large,aggregation_score,LogReg,mcc,8,0.4157,15
ankh_large,aggregation_score,LogReg,mcc,9,0.3242,15
ankh_large,aggregation_score,LogReg,mcc,10,0.4773,15
ankh_large,aggregation_score,LogReg,mcc,11,0.4796,15
ankh_large,aggregation_score,LogReg,mcc,12,0.5081,15
ankh_large,aggregation_score,LogReg,mcc,13,0.4708,15
ankh_large,aggregation_score,LogReg,mcc,14,0.6011,15
ankh_large,aggregation_score,RF,mcc,0,0.5388,15
ankh_large,aggregation_score,RF,mcc,1,0.5076,15
ankh_large,aggregation_score,RF,mcc,2,0.4189,15
ankh_large,aggregation_score,RF,mcc,3,0.3846,15
ankh_large,aggregation_score,RF,mcc,4,0.2924,15
ankh_large,aggregation_score,RF,mcc,5,0.5384,15
ankh_large,aggregation_score,RF,mcc,6,0.3846,15
ankh_large,aggregation_score,RF,mcc,7,0.4773,15
ankh_large,aggregation_score,RF,mcc,8,0.4622,15
ankh_large,aggregation_score,RF,mcc,9,0.4179,15
ankh_large,aggregation_score,RF,mcc,10,0.5124,15
ankh_large,aggregation_score,RF,mcc,11,0.4179,15
ankh_large,aggregation_score,RF,mcc,12,0.3858,15
ankh_large,aggregation_score,RF,mcc,13,0.348,15
ankh_large,aggregation_score,RF,mcc,14,0.6299,15
ankh_large,aggregation_score,MLP,mcc,0,0.5698,15
ankh_large,aggregation_score,MLP,mcc,1,0.5388,15
ankh_large,aggregation_score,MLP,mcc,2,0.5081,15
ankh_large,aggregation_score,MLP,mcc,3,0.4463,15
ankh_large,aggregation_score,MLP,mcc,4,0.4152,15
ankh_large,aggregation_score,MLP,mcc,5,0.5691,15
ankh_large,aggregation_score,MLP,mcc,6,0.3542,15
ankh_large,aggregation_score,MLP,mcc,7,0.3601,15
ankh_large,aggregation_score,MLP,mcc,8,0.4838,15
ankh_large,aggregation_score,MLP,mcc,9,0.3858,15
ankh_large,aggregation_score,MLP,mcc,10,0.4463,15
ankh_large,aggregation_score,MLP,mcc,11,0.4463,15
ankh_large,aggregation_score,MLP,mcc,12,0.4554,15
ankh_large,aggregation_score,MLP,mcc,13,0.5636,15
ankh_large,aggregation_score,MLP,mcc,14,0.6299,15
prot_t5_xl_uniref50,fold_label,LogReg,f1_macro,0,0.8908,15
prot_t5_xl_uniref50,fold_label,LogReg,f1_macro,1,0.7667,15
prot_t5_xl_uniref50,fold_label,LogReg,f1_macro,2,0.7665,15
prot_t5_xl_uniref50,fold_label,LogReg,f1_macro,3,0.6477,15
prot_t5_xl_uniref50,fold_label,LogReg,f1_macro,4,0.7208,15
prot_t5_xl_uniref50,fold_label,LogReg,f1_macro,5,0.6877,15
prot_t5_xl_uniref50,fold_label,LogReg,f1_macro,6,0.7495,15
prot_t5_xl_uniref50,fold_label,LogReg,f1_macro,7,0.567,15
prot_t5_xl_uniref50,fold_label,LogReg,f1_macro,8,0.6455,15
prot_t5_xl_uniref50,fold_label,LogReg,f1_macro,9,0.849,15
prot_t5_xl_uniref50,fold_label,LogReg,f1_macro,10,0.5363,15
prot_t5_xl_uniref50,fold_label,LogReg,f1_macro,11,0.8223,15
prot_t5_xl_uniref50,fold_label,LogReg,f1_macro,12,0.7516,15
prot_t5_xl_uniref50,fold_label,LogReg,f1_macro,13,0.5803,15
prot_t5_xl_uniref50,fold_label,LogReg,f1_macro,14,0.7092,15
prot_t5_xl_uniref50,fold_label,RF,f1_macro,0,0.6669,15
prot_t5_xl_uniref50,fold_label,RF,f1_macro,1,0.6198,15
prot_t5_xl_uniref50,fold_label,RF,f1_macro,2,0.5619,15
prot_t5_xl_uniref50,fold_label,RF,f1_macro,3,0.6758,15
prot_t5_xl_uniref50,fold_label,RF,f1_macro,4,0.5167,15
prot_t5_xl_uniref50,fold_label,RF,f1_macro,5,0.5162,15
prot_t5_xl_uniref50,fold_label,RF,f1_macro,6,0.5037,15
prot_t5_xl_uniref50,fold_label,RF,f1_macro,7,0.5318,15
prot_t5_xl_uniref50,fold_label,RF,f1_macro,8,0.3317,15
prot_t5_xl_uniref50,fold_label,RF,f1_macro,9,0.434,15
prot_t5_xl_uniref50,fold_label,RF,f1_macro,10,0.5783,15
prot_t5_xl_uniref50,fold_label,RF,f1_macro,11,0.6167,15
prot_t5_xl_uniref50,fold_label,RF,f1_macro,12,0.5092,15
prot_t5_xl_uniref50,fold_label,RF,f1_macro,13,0.5615,15
prot_t5_xl_uniref50,fold_label,RF,f1_macro,14,0.5891,15
prot_t5_xl_uniref50,fold_label,MLP,f1_macro,0,0.8733,15
prot_t5_xl_uniref50,fold_label,MLP,f1_macro,1,0.7667,15
prot_t5_xl_uniref50,fold_label,MLP,f1_macro,2,0.7723,15
prot_t5_xl_uniref50,fold_label,MLP,f1_macro,3,0.6707,15
prot_t5_xl_uniref50,fold_label,MLP,f1_macro,4,0.7539,15
prot_t5_xl_uniref50,fold_label,MLP,f1_macro,5,0.5506,15
prot_t5_xl_uniref50,fold_label,MLP,f1_macro,6,0.584,15
prot_t5_xl_uniref50,fold_label,MLP,f1_macro,7,0.6417,15
prot_t5_xl_uniref50,fold_label,MLP,f1_macro,8,0.4983,15
prot_t5_xl_uniref50,fold_label,MLP,f1_macro,9,0.7466,15
prot_t5_xl_uniref50,fold_label,MLP,f1_macro,10,0.5076,15
prot_t5_xl_uniref50,fold_label,MLP,f1_macro,11,0.8263,15
prot_t5_xl_uniref50,fold_label,MLP,f1_macro,12,0.6261,15
prot_t5_xl_uniref50,fold_label,MLP,f1_macro,13,0.4431,15
prot_t5_xl_uniref50,fold_label,MLP,f1_macro,14,0.7225,15
prot_t5_xl_uniref50,localization_class,LogReg,f1_macro,0,0.5222,15
prot_t5_xl_uniref50,localization_class,LogReg,f1_macro,1,0.5914,15
prot_t5_xl_uniref50,localization_class,LogReg,f1_macro,2,0.5398,15
prot_t5_xl_uniref50,localization_class,LogReg,f1_macro,3,0.3442,15
prot_t5_xl_uniref50,localization_class,LogReg,f1_macro,4,0.5243,15
prot_t5_xl_uniref50,localization_class,LogReg,f1_macro,5,0.5588,15
prot_t5_xl_uniref50,localization_class,LogReg,f1_macro,6,0.4515,15
prot_t5_xl_uniref50,localization_class,LogReg,f1_macro,7,0.5261,15
prot_t5_xl_uniref50,localization_class,LogReg,f1_macro,8,0.6208,15
prot_t5_xl_uniref50,localization_class,LogReg,f1_macro,9,0.344,15
prot_t5_xl_uniref50,localization_class,LogReg,f1_macro,10,0.5606,15
prot_t5_xl_uniref50,localization_class,LogReg,f1_macro,11,0.568,15
prot_t5_xl_uniref50,localization_class,LogReg,f1_macro,12,0.3798,15
prot_t5_xl_uniref50,localization_class,LogReg,f1_macro,13,0.5251,15
prot_t5_xl_uniref50,localization_class,LogReg,f1_macro,14,0.441,15
prot_t5_xl_uniref50,localization_class,RF,f1_macro,0,0.4021,15
prot_t5_xl_uniref50,localization_class,RF,f1_macro,1,0.3371,15
prot_t5_xl_uniref50,localization_class,RF,f1_macro,2,0.4285,15
prot_t5_xl_uniref50,localization_class,RF,f1_macro,3,0.2582,15
prot_t5_xl_uniref50,localization_class,RF,f1_macro,4,0.27,15
prot_t5_xl_uniref50,localization_class,RF,f1_macro,5,0.5421,15
prot_t5_xl_uniref50,localization_class,RF,f1_macro,6,0.3318,15
prot_t5_xl_uniref50,localization_class,RF,f1_macro,7,0.4616,15
prot_t5_xl_uniref50,localization_class,RF,f1_macro,8,0.4326,15
prot_t5_xl_uniref50,localization_class,RF,f1_macro,9,0.3322,15
prot_t5_xl_uniref50,localization_class,RF,f1_macro,10,0.5228,15
prot_t5_xl_uniref50,localization_class,RF,f1_macro,11,0.3611,15
prot_t5_xl_uniref50,localization_class,RF,f1_macro,12,0.3211,15
prot_t5_xl_uniref50,localization_class,RF,f1_macro,13,0.2885,15
prot_t5_xl_uniref50,localization_class,RF,f1_macro,14,0.2726,15
prot_t5_xl_uniref50,localization_class,MLP,f1_macro,0,0.5092,15
prot_t5_xl_uniref50,localization_class,MLP,f1_macro,1,0.5238,15
prot_t5_xl_uniref50,localization_class,MLP,f1_macro,2,0.4786,15
prot_t5_xl_uniref50,localization_class,MLP,f1_macro,3,0.472,15
prot_t5_xl_uniref50,localization_class,MLP,f1_macro,4,0.4856,15
prot_t5_xl_uniref50,localization_class,MLP,f1_macro,5,0.6237,15
prot_t5_xl_uniref50,localization_class,MLP,f1_macro,6,0.4805,15
prot_t5_xl_uniref50,localization_class,MLP,f1_macro,7,0.6196,15
prot_t5_xl_uniref50,localization_class,MLP,f1_macro,8,0.5051,15
prot_t5_xl_uniref50,localization_class,MLP,f1_macro,9,0.3375,15
prot_t5_xl_uniref50,localization_class,MLP,f1_macro,10,0.5712,15
prot_t5_xl_uniref50,localization_class,MLP,f1_macro,11,0.7074,15
prot_t5_xl_uniref50,localization_class,MLP,f1_macro,12,0.3705,15
prot_t5_xl_uniref50,localization_class,MLP,f1_macro,13,0.3601,15
prot_t5_xl_uniref50,localization_class,MLP,f1_macro,14,0.3898,15
prot_t5_xl_uniref50,species_label,LogReg,f1_macro,0,0.7522,15
prot_t5_xl_uniref50,species_label,LogReg,f1_macro,1,0.9035,15
prot_t5_xl_uniref50,species_label,LogReg,f1_macro,2,0.9626,15
prot_t5_xl_uniref50,species_label,LogReg,f1_macro,3,0.6225,15
prot_t5_xl_uniref50,species_label,LogReg,f1_macro,4,0.9591,15
prot_t5_xl_uniref50,species_label,LogReg,f1_macro,5,0.7368,15
prot_t5_xl_uniref50,species_label,LogReg,f1_macro,6,0.9035,15
prot_t5_xl_uniref50,species_label,LogReg,f1_macro,7,0.9143,15
prot_t5_xl_uniref50,species_label,LogReg,f1_macro,8,0.8611,15
prot_t5_xl_uniref50,species_label,LogReg,f1_macro,9,0.9143,15
prot_t5_xl_uniref50,species_label,LogReg,f1_macro,10,0.8662,15
prot_t5_xl_uniref50,species_label,LogReg,f1_macro,11,0.9575,15
prot_t5_xl_uniref50,species_label,LogReg,f1_macro,12,0.6827,15
prot_t5_xl_uniref50,species_label,LogReg,f1_macro,13,0.7091,15
prot_t5_xl_uniref50,species_label,LogReg,f1_macro,14,0.8917,15
prot_t5_xl_uniref50,species_label,RF,f1_macro,0,0.2381,15
prot_t5_xl_uniref50,species_label,RF,f1_macro,1,0.6865,15
prot_t5_xl_uniref50,species_label,RF,f1_macro,2,0.6865,15
prot_t5_xl_uniref50,species_label,RF,f1_macro,3,0.3304,15
prot_t5_xl_uniref50,species_label,RF,f1_macro,4,0.6518,15
prot_t5_xl_uniref50,species_label,RF,f1_macro,5,0.5476,15
prot_t5_xl_uniref50,species_label,RF,f1_macro,6,0.9524,15
prot_t5_xl_uniref50,species_label,RF,f1_macro,7,0.6341,15
prot_t5_xl_uniref50,species_label,RF,f1_macro,8,0.9591,15
prot_t5_xl_uniref50,species_label,RF,f1_macro,9,0.6916,15
prot_t5_xl_uniref50,species_label,RF,f1_macro,10,0.856,15
prot_t5_xl_uniref50,species_label,RF,f1_macro,11,0.6786,15
prot_t5_xl_uniref50,species_label,RF,f1_macro,12,0.6786,15
prot_t5_xl_uniref50,species_label,RF,f1_macro,13,0.6786,15
prot_t5_xl_uniref50,species_label,RF,f1_macro,14,0.5457,15
prot_t5_xl_uniref50,species_label,MLP,f1_macro,0,0.7833,15
prot_t5_xl_uniref50,species_label,MLP,f1_macro,1,0.9035,15
prot_t5_xl_uniref50,species_label,MLP,f1_macro,2,0.9626,15
prot_t5_xl_uniref50,species_label,MLP,f1_macro,3,0.6687,15
prot_t5_xl_uniref50,species_label,MLP,f1_macro,4,0.9591,15
prot_t5_xl_uniref50,species_label,MLP,f1_macro,5,0.7368,15
prot_t5_xl_uniref50,species_label,MLP,f1_macro,6,0.9035,15
prot_t5_xl_uniref50,species_label,MLP,f1_macro,7,0.9143,15
prot_t5_xl_uniref50,species_label,MLP,f1_macro,8,0.9591,15
prot_t5_xl_uniref50,species_label,MLP,f1_macro,9,0.6524,15
prot_t5_xl_uniref50,species_label,MLP,f1_macro,10,1.0,15
prot_t5_xl_uniref50,species_label,MLP,f1_macro,11,0.9575,15
prot_t5_xl_uniref50,species_label,MLP,f1_macro,12,0.6786,15
prot_t5_xl_uniref50,species_label,MLP,f1_macro,13,0.6722,15
prot_t5_xl_uniref50,species_label,MLP,f1_macro,14,0.575,15
prot_t5_xl_uniref50,tm_label,LogReg,mcc,0,0.1644,15
prot_t5_xl_uniref50,tm_label,LogReg,mcc,1,0.2699,15
prot_t5_xl_uniref50,tm_label,LogReg,mcc,2,0.4858,15
prot_t5_xl_uniref50,tm_label,LogReg,mcc,3,0.646,15
prot_t5_xl_uniref50,tm_label,LogReg,mcc,4,0.4568,15
prot_t5_xl_uniref50,tm_label,LogReg,mcc,5,0.5049,15
prot_t5_xl_uniref50,tm_label,LogReg,mcc,6,0.1048,15
prot_t5_xl_uniref50,tm_label,LogReg,mcc,7,0.4858,15
prot_t5_xl_uniref50,tm_label,LogReg,mcc,8,0.1633,15
prot_t5_xl_uniref50,tm_label,LogReg,mcc,9,0.4559,15
prot_t5_xl_uniref50,tm_label,LogReg,mcc,10,0.643,15
prot_t5_xl_uniref50,tm_label,LogReg,mcc,11,0.3038,15
prot_t5_xl_uniref50,tm_label,LogReg,mcc,12,0.2093,15
prot_t5_xl_uniref50,tm_label,LogReg,mcc,13,0.643,15
prot_t5_xl_uniref50,tm_label,LogReg,mcc,14,0.4045,15
prot_t5_xl_uniref50,tm_label,RF,mcc,0,0.0,15
prot_t5_xl_uniref50,tm_label,RF,mcc,1,0.0,15
prot_t5_xl_uniref50,tm_label,RF,mcc,2,0.0,15
prot_t5_xl_uniref50,tm_label,RF,mcc,3,0.0,15
prot_t5_xl_uniref50,tm_label,RF,mcc,4,0.0,15
prot_t5_xl_uniref50,tm_label,RF,mcc,5,0.0,15
prot_t5_xl_uniref50,tm_label,RF,mcc,6,0.0,15
prot_t5_xl_uniref50,tm_label,RF,mcc,7,0.0,15
prot_t5_xl_uniref50,tm_label,RF,mcc,8,0.0,15
prot_t5_xl_uniref50,tm_label,RF,mcc,9,0.0,15
prot_t5_xl_uniref50,tm_label,RF,mcc,10,0.0,15
prot_t5_xl_uniref50,tm_label,RF,mcc,11,0.0,15
prot_t5_xl_uniref50,tm_label,RF,mcc,12,0.0,15
prot_t5_xl_uniref50,tm_label,RF,mcc,13,0.0,15
prot_t5_xl_uniref50,tm_label,RF,mcc,14,0.0,15
prot_t5_xl_uniref50,tm_label,MLP,mcc,0,0.4325,15
prot_t5_xl_uniref50,tm_label,MLP,mcc,1,-0.0373,15
prot_t5_xl_uniref50,tm_label,MLP,mcc,2,0.4325,15
prot_t5_xl_uniref50,tm_label,MLP,mcc,3,0.4325,15
prot_t5_xl_uniref50,tm_label,MLP,mcc,4,0.2818,15
prot_t5_xl_uniref50,tm_label,MLP,mcc,5,0.6167,15
prot_t5_xl_uniref50,tm_label,MLP,mcc,6,0.0,15
prot_t5_xl_uniref50,tm_label,MLP,mcc,7,0.4325,15
prot_t5_xl_uniref50,tm_label,MLP,mcc,8,0.2812,15
prot_t5_xl_uniref50,tm_label,MLP,mcc,9,-0.0379,15
prot_t5_xl_uniref50,tm_label,MLP,mcc,10,-0.0379,15
prot_t5_xl_uniref50,tm_label,MLP,mcc,11,0.0,15
prot_t5_xl_uniref50,tm_label,MLP,mcc,12,-0.0379,15
prot_t5_xl_uniref50,tm_label,MLP,mcc,13,0.2812,15
prot_t5_xl_uniref50,tm_label,MLP,mcc,14,0.4323,15
prot_t5_xl_uniref50,disorder_global,LogReg,mcc,0,0.3229,15
prot_t5_xl_uniref50,disorder_global,LogReg,mcc,1,0.1695,15
prot_t5_xl_uniref50,disorder_global,LogReg,mcc,2,0.3543,15
prot_t5_xl_uniref50,disorder_global,LogReg,mcc,3,0.2725,15
prot_t5_xl_uniref50,disorder_global,LogReg,mcc,4,0.2029,15
prot_t5_xl_uniref50,disorder_global,LogReg,mcc,5,0.446,15
prot_t5_xl_uniref50,disorder_global,LogReg,mcc,6,0.3229,15
prot_t5_xl_uniref50,disorder_global,LogReg,mcc,7,0.4179,15
prot_t5_xl_uniref50,disorder_global,LogReg,mcc,8,0.2305,15
prot_t5_xl_uniref50,disorder_global,LogReg,mcc,9,0.2311,15
prot_t5_xl_uniref50,disorder_global,LogReg,mcc,10,0.4152,15
prot_t5_xl_uniref50,disorder_global,LogReg,mcc,11,0.2009,15
prot_t5_xl_uniref50,disorder_global,LogReg,mcc,12,0.2352,15
prot_t5_xl_uniref50,disorder_global,LogReg,mcc,13,0.2814,15
prot_t5_xl_uniref50,disorder_global,LogReg,mcc,14,0.4163,15
prot_t5_xl_uniref50,disorder_global,RF,mcc,0,0.3858,15
prot_t5_xl_uniref50,disorder_global,RF,mcc,1,0.2315,15
prot_t5_xl_uniref50,disorder_global,RF,mcc,2,0.3266,15
prot_t5_xl_uniref50,disorder_global,RF,mcc,3,0.2352,15
prot_t5_xl_uniref50,disorder_global,RF,mcc,4,0.3863,15
prot_t5_xl_uniref50,disorder_global,RF,mcc,5,0.4157,15
prot_t5_xl_uniref50,disorder_global,RF,mcc,6,0.3241,15
prot_t5_xl_uniref50,disorder_global,RF,mcc,7,0.5459,15
prot_t5_xl_uniref50,disorder_global,RF,mcc,8,0.3229,15
prot_t5_xl_uniref50,disorder_global,RF,mcc,9,0.3886,15
prot_t5_xl_uniref50,disorder_global,RF,mcc,10,0.3561,15
prot_t5_xl_uniref50,disorder_global,RF,mcc,11,0.3242,15
prot_t5_xl_uniref50,disorder_global,RF,mcc,12,0.2092,15
prot_t5_xl_uniref50,disorder_global,RF,mcc,13,0.1252,15
prot_t5_xl_uniref50,disorder_global,RF,mcc,14,0.3131,15
prot_t5_xl_uniref50,disorder_global,MLP,mcc,0,0.2614,15
prot_t5_xl_uniref50,disorder_global,MLP,mcc,1,0.1695,15
prot_t5_xl_uniref50,disorder_global,MLP,mcc,2,0.5413,15
prot_t5_xl_uniref50,disorder_global,MLP,mcc,3,0.2614,15
prot_t5_xl_uniref50,disorder_global,MLP,mcc,4,0.2031,15
prot_t5_xl_uniref50,disorder_global,MLP,mcc,5,0.4796,15
prot_t5_xl_uniref50,disorder_global,MLP,mcc,6,0.3242,15
prot_t5_xl_uniref50,disorder_global,MLP,mcc,7,0.4713,15
prot_t5_xl_uniref50,disorder_global,MLP,mcc,8,0.2612,15
prot_t5_xl_uniref50,disorder_global,MLP,mcc,9,0.3845,15
prot_t5_xl_uniref50,disorder_global,MLP,mcc,10,0.4216,15
prot_t5_xl_uniref50,disorder_global,MLP,mcc,11,0.3858,15
prot_t5_xl_uniref50,disorder_global,MLP,mcc,12,0.2564,15
prot_t5_xl_uniref50,disorder_global,MLP,mcc,13,0.1879,15
prot_t5_xl_uniref50,disorder_global,MLP,mcc,14,0.469,15
prot_t5_xl_uniref50,acc_mean,LogReg,mcc,0,0.7538,15
prot_t5_xl_uniref50,acc_mean,LogReg,mcc,1,0.7235,15
prot_t5_xl_uniref50,acc_mean,LogReg,mcc,2,0.7232,15
prot_t5_xl_uniref50,acc_mean,LogReg,mcc,3,0.7848,15
prot_t5_xl_uniref50,acc_mean,LogReg,mcc,4,0.7848,15
prot_t5_xl_uniref50,acc_mean,LogReg,mcc,5,0.7848,15
prot_t5_xl_uniref50,acc_mean,LogReg,mcc,6,0.7848,15
prot_t5_xl_uniref50,acc_mean,LogReg,mcc,7,0.7265,15
prot_t5_xl_uniref50,acc_mean,LogReg,mcc,8,0.6938,15
prot_t5_xl_uniref50,acc_mean,LogReg,mcc,9,0.7882,15
prot_t5_xl_uniref50,acc_mean,LogReg,mcc,10,0.6938,15
prot_t5_xl_uniref50,acc_mean,LogReg,mcc,11,0.7876,15
prot_t5_xl_uniref50,acc_mean,LogReg,mcc,12,0.5691,15
prot_t5_xl_uniref50,acc_mean,LogReg,mcc,13,0.5379,15
prot_t5_xl_uniref50,acc_mean,LogReg,mcc,14,0.7816,15
prot_t5_xl_uniref50,acc_mean,RF,mcc,0,0.6362,15
prot_t5_xl_uniref50,acc_mean,RF,mcc,1,0.6362,15
prot_t5_xl_uniref50,acc_mean,RF,mcc,2,0.8219,15
prot_t5_xl_uniref50,acc_mean,RF,mcc,3,0.785,15
prot_t5_xl_uniref50,acc_mean,RF,mcc,4,0.7555,15
prot_t5_xl_uniref50,acc_mean,RF,mcc,5,0.7235,15
prot_t5_xl_uniref50,acc_mean,RF,mcc,6,0.6638,15
prot_t5_xl_uniref50,acc_mean,RF,mcc,7,0.9081,15
prot_t5_xl_uniref50,acc_mean,RF,mcc,8,0.7232,15
prot_t5_xl_uniref50,acc_mean,RF,mcc,9,0.8167,15
prot_t5_xl_uniref50,acc_mean,RF,mcc,10,0.697,15
prot_t5_xl_uniref50,acc_mean,RF,mcc,11,0.6407,15
prot_t5_xl_uniref50,acc_mean,RF,mcc,12,0.5698,15
prot_t5_xl_uniref50,acc_mean,RF,mcc,13,0.6299,15
prot_t5_xl_uniref50,acc_mean,RF,mcc,14,0.9067,15
prot_t5_xl_uniref50,acc_mean,MLP,mcc,0,0.6616,15
prot_t5_xl_uniref50,acc_mean,MLP,mcc,1,0.6315,15
prot_t5_xl_uniref50,acc_mean,MLP,mcc,2,0.8171,15
prot_t5_xl_uniref50,acc_mean,MLP,mcc,3,0.8153,15
prot_t5_xl_uniref50,acc_mean,MLP,mcc,4,0.7555,15
prot_t5_xl_uniref50,acc_mean,MLP,mcc,5,0.8153,15
prot_t5_xl_uniref50,acc_mean,MLP,mcc,6,0.7591,15
prot_t5_xl_uniref50,acc_mean,MLP,mcc,7,0.9384,15
prot_t5_xl_uniref50,acc_mean,MLP,mcc,8,0.6922,15
prot_t5_xl_uniref50,acc_mean,MLP,mcc,9,0.85,15
prot_t5_xl_uniref50,acc_mean,MLP,mcc,10,0.6933,15
prot_t5_xl_uniref50,acc_mean,MLP,mcc,11,0.7848,15
prot_t5_xl_uniref50,acc_mean,MLP,mcc,12,0.6307,15
prot_t5_xl_uniref50,acc_mean,MLP,mcc,13,0.7277,15
prot_t5_xl_uniref50,acc_mean,MLP,mcc,14,0.7559,15
prot_t5_xl_uniref50,aggregation_score,LogReg,mcc,0,0.6004,15
prot_t5_xl_uniref50,aggregation_score,LogReg,mcc,1,0.3305,15
prot_t5_xl_uniref50,aggregation_score,LogReg,mcc,2,0.5698,15
prot_t5_xl_uniref50,aggregation_score,LogReg,mcc,3,0.4813,15
prot_t5_xl_uniref50,aggregation_score,LogReg,mcc,4,0.603,15
prot_t5_xl_uniref50,aggregation_score,LogReg,mcc,5,0.7235,15
prot_t5_xl_uniref50,aggregation_score,LogReg,mcc,6,0.4463,15
prot_t5_xl_uniref50,aggregation_score,LogReg,mcc,7,0.3846,15
prot_t5_xl_uniref50,aggregation_score,LogReg,mcc,8,0.6004,15
prot_t5_xl_uniref50,aggregation_score,LogReg,mcc,9,0.4505,15
prot_t5_xl_uniref50,aggregation_score,LogReg,mcc,10,0.6616,15
prot_t5_xl_uniref50,aggregation_score,LogReg,mcc,11,0.6081,15
prot_t5_xl_uniref50,aggregation_score,LogReg,mcc,12,0.4781,15
prot_t5_xl_uniref50,aggregation_score,LogReg,mcc,13,0.3131,15
prot_t5_xl_uniref50,aggregation_score,LogReg,mcc,14,0.5625,15
prot_t5_xl_uniref50,aggregation_score,RF,mcc,0,0.6362,15
prot_t5_xl_uniref50,aggregation_score,RF,mcc,1,0.5698,15
prot_t5_xl_uniref50,aggregation_score,RF,mcc,2,0.5438,15
prot_t5_xl_uniref50,aggregation_score,RF,mcc,3,0.4189,15
prot_t5_xl_uniref50,aggregation_score,RF,mcc,4,0.446,15
prot_t5_xl_uniref50,aggregation_score,RF,mcc,5,0.6307,15
prot_t5_xl_uniref50,aggregation_score,RF,mcc,6,0.5857,15
prot_t5_xl_uniref50,aggregation_score,RF,mcc,7,0.2926,15
prot_t5_xl_uniref50,aggregation_score,RF,mcc,8,0.603,15
prot_t5_xl_uniref50,aggregation_score,RF,mcc,9,0.3561,15
prot_t5_xl_uniref50,aggregation_score,RF,mcc,10,0.5384,15
prot_t5_xl_uniref50,aggregation_score,RF,mcc,11,0.5178,15
prot_t5_xl_uniref50,aggregation_score,RF,mcc,12,0.2648,15
prot_t5_xl_uniref50,aggregation_score,RF,mcc,13,0.348,15
prot_t5_xl_uniref50,aggregation_score,RF,mcc,14,0.408,15
prot_t5_xl_uniref50,aggregation_score,MLP,mcc,0,0.6938,15
prot_t5_xl_uniref50,aggregation_score,MLP,mcc,1,0.3561,15
prot_t5_xl_uniref50,aggregation_score,MLP,mcc,2,0.5743,15
prot_t5_xl_uniref50,aggregation_score,MLP,mcc,3,0.5706,15
prot_t5_xl_uniref50,aggregation_score,MLP,mcc,4,0.3561,15
prot_t5_xl_uniref50,aggregation_score,MLP,mcc,5,0.6922,15
prot_t5_xl_uniref50,aggregation_score,MLP,mcc,6,0.4813,15
prot_t5_xl_uniref50,aggregation_score,MLP,mcc,7,0.446,15
prot_t5_xl_uniref50,aggregation_score,MLP,mcc,8,0.6004,15
prot_t5_xl_uniref50,aggregation_score,MLP,mcc,9,0.4505,15
prot_t5_xl_uniref50,aggregation_score,MLP,mcc,10,0.6619,15
prot_t5_xl_uniref50,aggregation_score,MLP,mcc,11,0.5706,15
prot_t5_xl_uniref50,aggregation_score,MLP,mcc,12,0.2725,15
prot_t5_xl_uniref50,aggregation_score,MLP,mcc,13,0.6299,15
prot_t5_xl_uniref50,aggregation_score,MLP,mcc,14,0.5636,15
